nazwisko;data;dotyczy;plec2;ofertaPrzedmiotow;ofertaSpecjalnosci;ofertaPrzemiotowFakultat;dostepnoscProgramow;dostepnoscRegulaminow;ofertaJezyki;ofertaErasmus;ofertWarunkiLokalowe;wyposażenieSal;bazaKomputerowa;liczebnoscGrup;rozkladZajec;biblioteka;ksztalceniePraktyczneWymagania;ksztalceniePraktyczneOrganizacja;ksztalceniePraktyczneZbieznosc;dziekanatDostep;dziekanatZOP;dziekanatTK;edziekanatFunkcjonalnosc;edziekanatTerminowosc;edziekanatKomentarz;wwwEstetyka;wwwFunkcjonalosc;wwwKomentarz;kwesturaDostep;kwesturaZOP;kwesturaTK;infopunktDostep;infopunktZOP;infopunktKompetencje;UKS;SS;SKN;plec2;gmina;rok;tryb;kierunek;aktywnoscErasmus;aktywnosc;uwagi;uwagiAnkieta;
Anonimowa;2021-06-23;Jakoś Studiowania w PSW 2020/2021 Lato;Kobieta;5;5;5;5;3;5;3;5;5;3;5;5;5;5;5;5;3;5;4;4;4;Niczego;2;2;Przejrzystość strony internetowej;3;5;5;5;5;5;3;3;3;Kobieta;Brańsk;1;stacjonarne;Pielęgniarstwo;Nie;Nie;;Niektore pytania nie dotyczyły mnie osobiscie, dlatego nie mogłam udzielić rzetelnej odpowiedzi;
Anonimowa;2021-06-23;Jakoś Studiowania w PSW 2020/2021 Lato;Kobieta;5;4;4;5;5;5;5;5;5;5;5;5;5;5;5;5;5;5;5;5;5;Wszystko w porządku;5;5;Wszystko jest ok;5;5;5;5;5;5;4;5;5;Kobieta;Grudziądz;1;niestacjonarne;Pielęgniarstwo w ramach studiów pomostowych;Nie;Nie;Brak;Brak;
Anonimowa;2021-06-23;Jakoś Studiowania w PSW 2020/2021 Lato;Mężczyzna;4;5;5;5;5;4;5;3;3;4;3;5;4;4;4;3;5;5;5;5;5;Wszyaro ok;4;5;Wszystko ok;5;3;4;4;5;4;4;3;5;Mężczyzna;Radomin;1;stacjonarne;Pielęgniarstwo;Nie;Nie;Brak;Brak;
Anonimowa;2021-06-23;Jakoś Studiowania w PSW 2020/2021 Lato;Mężczyzna;5;4;5;4;5;5;4;5;5;5;5;4;5;5;5;5;5;5;5;5;5;Niczego;4;5;Niczego;5;5;5;5;5;5;5;5;5;Mężczyzna;Pisz;1;stacjonarne;Pielęgniarstwo;Nie;Nie;;Brak;
Anonimowa;2021-06-23;Jakoś Studiowania w PSW 2020/2021 Lato;Kobieta;5;5;5;5;5;5;3;5;5;5;5;5;5;5;5;5;5;5;5;5;5;;5;5;;5;5;5;5;5;5;5;5;5;Kobieta;KWIDZYN;1;stacjonarne;Pielęgniarstwo;Nie;Tak;;Brak;
Anonimowa;2021-06-23;Jakoś Studiowania w PSW 2020/2021 Lato;Kobieta;5;5;5;5;5;5;5;5;5;5;5;5;5;5;5;5;5;5;5;5;5;;5;5;;5;5;5;5;5;5;5;5;5;Kobieta;14-200 Iława;1;stacjonarne;Pielęgniarstwo;Nie;Nie;Nie mam uwag.;Nie mam uwag.;
Anonimowa;2021-06-23;Jakoś Studiowania w PSW 2020/2021 Lato;Mężczyzna;4;4;4;3;4;4;4;4;4;4;4;4;4;4;4;4;4;4;4;4;4;;4;4;;4;4;4;5;4;5;4;4;5;Mężczyzna;Szczytno;2;stacjonarne;Pielęgniarstwo;Nie;Nie;;.;
Anonimowa;2021-06-23;Jakoś Studiowania w PSW 2020/2021 Lato;Kobieta;4;4;4;4;4;5;3;4;4;4;4;4;4;5;4;4;4;4;4;4;4;Nic nie brakuje;5;4;Nic nie brakuje;4;4;4;4;4;4;3;3;3;Kobieta;Grudziądz;1;stacjonarne;Pielęgniarstwo;Nie;Nie;;Brak uwag;
Anonimowa;2021-06-23;Jakoś Studiowania w PSW 2020/2021 Lato;Mężczyzna;5;5;5;5;5;5;3;5;5;5;5;4;5;5;5;5;5;5;5;5;5;;5;5;;5;5;5;5;5;5;3;5;3;Mężczyzna;Lidzbark Warmiński;1;stacjonarne;Pielęgniarstwo;Nie;Nie;;Nie ma uwag;
Anonimowa;2021-06-23;Jakoś Studiowania w PSW 2020/2021 Lato;Mężczyzna;3;3;3;3;3;3;5;3;3;3;3;3;3;5;3;3;2;2;3;5;4;Nic;3;3;;3;3;3;3;3;4;3;3;3;Mężczyzna;Gdynia;1;niestacjonarne;Ratownictwo Medyczne;Nie;Nie;;Brak;
Anonimowa;2021-06-23;Jakoś Studiowania w PSW 2020/2021 Lato;Kobieta;5;5;5;5;5;5;5;5;5;5;5;5;5;5;5;5;5;5;5;5;5;jest ok;5;5;jest super;5;5;5;5;5;5;5;5;5;Kobieta;BOLESŁAWOWO;1;stacjonarne;Pielęgniarstwo;Nie;Nie;BRAKt;BRAK;
Anonimowa;2021-06-23;Jakoś Studiowania w PSW 2020/2021 Lato;Kobieta;5;5;5;5;5;5;3;5;5;5;5;5;5;5;5;5;5;5;5;5;5;;5;5;Jest bardzo dobrze , w mojej ocenie nic nie trzeba zmieniać;5;5;5;5;5;5;3;5;3;Kobieta;Gmina;1;niestacjonarne;Ekonomia;Nie;Tak;brak uwag;brak uwag;
Anonimowa;2021-06-23;Jakoś Studiowania w PSW 2020/2021 Lato;Mężczyzna;3;3;3;3;3;4;3;3;3;3;3;2;3;3;2;3;3;3;3;3;3;;3;3;;3;3;3;3;3;3;4;3;3;Mężczyzna;Grudziądz;1;stacjonarne;Pielęgniarstwo;Nie;Nie;;Brak;
Anonimowa;2021-06-23;Jakoś Studiowania w PSW 2020/2021 Lato;Kobieta;5;5;5;5;5;5;5;5;5;5;5;5;5;5;5;5;5;5;5;5;5;nic;5;5;wszystko jest;5;5;5;5;5;5;5;5;5;Kobieta;gmina;1;niestacjonarne;Pielęgniarstwo;Nie;Nie;ok;ok;
Anonimowa;2021-06-23;Jakoś Studiowania w PSW 2020/2021 Lato;Kobieta;4;4;2;4;4;4;3;3;3;3;4;4;4;4;4;4;4;4;3;4;3;.;2;4;.;3;3;3;3;3;3;3;3;3;Kobieta;Grudziądz;1;stacjonarne;Pielęgniarstwo;Nie;Nie;;..;
Anonimowa;2021-06-23;Jakoś Studiowania w PSW 2020/2021 Lato;Kobieta;5;4;4;5;5;5;4;5;3;5;4;5;4;5;5;5;5;5;5;4;5;;5;5;;5;5;5;5;5;5;5;4;5;Kobieta;13-300 Nowe Miasto Lubawskie;2;stacjonarne;Pielęgniarstwo;Nie;Nie;;Brak uwag;
Anonimowa;2021-06-23;Jakoś Studiowania w PSW 2020/2021 Lato;Kobieta;5;5;5;5;5;5;5;5;5;5;5;5;5;5;5;5;5;5;5;5;5;;5;5;;5;5;5;5;5;5;5;5;5;Kobieta;Iława;1;stacjonarne;Pielęgniarstwo;Nie;Tak;;brak;
Anonimowa;2021-06-23;Jakoś Studiowania w PSW 2020/2021 Lato;Mężczyzna;4;4;4;4;4;4;3;3;4;3;4;4;4;5;4;5;5;5;5;5;5;;2;2;;5;5;5;5;5;5;3;3;3;Mężczyzna;Gdańsk;1;stacjonarne;Kosmetologia;Nie;Nie;;Brak;
Anonimowa;2021-06-23;Jakoś Studiowania w PSW 2020/2021 Lato;Kobieta;5;5;5;5;5;5;5;5;5;5;5;5;5;5;5;5;5;5;5;5;5;Wszystko działa bez zarzutów;5;5;Raczej niczego;5;5;5;5;5;5;5;5;5;Kobieta;RESZEL;1;niestacjonarne;Pielęgniarstwo;Nie;Nie;BRAK;BRAK;
Anonimowa;2021-06-23;Jakoś Studiowania w PSW 2020/2021 Lato;Kobieta;5;5;5;5;5;5;5;5;1;5;5;5;5;5;5;5;5;5;5;5;5;;5;5;;5;5;5;5;5;5;5;5;5;Kobieta;Olsztyn;2;stacjonarne;Pielęgniarstwo;Nie;Nie;;Brak;
Anonimowa;2021-06-23;Jakoś Studiowania w PSW 2020/2021 Lato;Kobieta;4;4;4;5;3;4;3;4;4;3;4;2;4;4;4;4;4;2;3;4;4;;4;4;;3;3;3;4;5;5;3;3;3;Kobieta;Pomorskie;1;stacjonarne;Pielęgniarstwo;Nie;Nie;Brak;Brak;
Anonimowa;2021-06-23;Jakoś Studiowania w PSW 2020/2021 Lato;Kobieta;4;4;4;4;4;3;3;4;3;3;4;2;4;4;4;4;4;3;4;4;4;;4;4;poukładanie najważniejszych informacji i chat z kimś aby pomógł osoba lub boot;4;4;4;5;5;5;4;3;4;Kobieta;tczew;2;stacjonarne;Pielęgniarstwo;Nie;Nie;;brak;
Anonimowa;2021-06-23;Jakoś Studiowania w PSW 2020/2021 Lato;Kobieta;4;4;4;4;4;5;4;4;4;4;4;4;4;4;4;4;4;4;4;4;4;brakuje więcej życzliwości;4;4;nic;3;3;3;5;5;5;5;4;4;Kobieta;Grudziądz;1;niestacjonarne;Pielęgniarstwo;Nie;Tak;brak uwag;brak uwag;
Anonimowa;2021-06-23;Jakoś Studiowania w PSW 2020/2021 Lato;Kobieta;5;5;5;5;5;5;5;5;5;5;5;5;5;5;5;5;5;5;5;5;5;;5;5;;5;5;5;5;5;5;5;5;5;Kobieta;Gniew;1;niestacjonarne;Ekonomia;Nie;Nie;;Brak.;
Anonimowa;2021-06-23;Jakoś Studiowania w PSW 2020/2021 Lato;Kobieta;5;5;5;5;5;5;5;5;5;5;5;5;5;5;5;5;5;5;5;5;5;;5;5;;5;5;5;5;5;5;5;5;5;Kobieta;Tczew;1;stacjonarne;Pielęgniarstwo;Nie;Nie;Miło by było gdyby był wprowadzony język niemiecki.;Brak;
Anonimowa;2021-06-23;Jakoś Studiowania w PSW 2020/2021 Lato;Mężczyzna;3;3;3;3;3;3;3;3;3;3;3;3;3;3;3;3;1;1;1;3;1;;3;3;;3;3;3;5;5;5;3;3;3;Mężczyzna;Toruń;2;niestacjonarne;Ratownictwo Medyczne;Nie;Nie;;brak;
Anonimowa;2021-06-23;Jakoś Studiowania w PSW 2020/2021 Lato;Kobieta;4;5;4;2;4;3;3;5;5;3;5;2;4;4;2;5;4;2;4;4;4;;4;3;;3;3;3;5;5;5;3;3;3;Kobieta;Kwidzyn;1;stacjonarne;Pielęgniarstwo;Nie;Nie;;Brak;
Anonimowa;2021-06-23;Jakoś Studiowania w PSW 2020/2021 Lato;Kobieta;5;5;5;5;5;5;5;5;5;5;3;4;4;5;4;5;4;5;4;5;5;Brak uwag;5;5;Brak uwag;5;5;5;5;5;5;3;3;3;Kobieta;Kościerzyna;1;stacjonarne;Pielęgniarstwo;Nie;Nie;Brak;Brak;
Anonimowa;2021-06-23;Jakoś Studiowania w PSW 2020/2021 Lato;Kobieta;5;5;5;5;5;5;5;4;4;5;5;5;5;5;5;5;5;5;5;5;5;Niczego nie brakuje;5;5;Niczego nie brakuje;5;5;4;5;5;5;5;5;5;Kobieta;Wieś;1;niestacjonarne;Pielęgniarstwo;Nie;Nie;Nie mam uwag;Nie mam uwag;
Anonimowa;2021-06-23;Jakoś Studiowania w PSW 2020/2021 Lato;Mężczyzna;4;3;4;4;4;3;3;4;4;4;4;4;4;4;4;4;5;4;4;4;4;;4;4;;3;3;3;5;5;4;3;4;3;Mężczyzna;Kwidzyn;1;niestacjonarne;Ekonomia;Nie;Nie;;Brak uwag;
Anonimowa;2021-06-23;Jakoś Studiowania w PSW 2020/2021 Lato;Kobieta;5;5;5;4;5;4;3;5;5;4;4;4;4;5;5;5;4;4;4;4;4;;4;4;;4;4;4;4;4;4;4;4;4;Kobieta;Malbork;1;stacjonarne;Pielęgniarstwo;Nie;Nie;;Brak uwag;
Anonimowa;2021-06-23;Jakoś Studiowania w PSW 2020/2021 Lato;Kobieta;5;5;5;5;5;5;5;5;5;5;5;5;5;5;5;5;5;5;5;5;5;Wszystko jest;5;5;Wszystko jest;5;5;5;5;5;5;3;3;3;Kobieta;Grudziądz;1;stacjonarne;Pielęgniarstwo;Nie;Nie;Super uczelnia reprezentująca moim zdaniem naprawdę wysoki poziom, ja jestem bardzo zadowolona i cieszę się, że mogę tu studiować bez żadnych jak do tej pory problemów.;Dziękuję za możliwość wypełnienia oraz wyrażenia własnego zdania.;
Anonimowa;2021-06-23;Jakoś Studiowania w PSW 2020/2021 Lato;Kobieta;4;4;4;4;4;4;3;4;3;3;4;4;4;4;4;4;3;3;3;4;4;;4;4;;4;4;4;5;5;5;3;3;4;Kobieta;Pruszcz Gdański;2;stacjonarne;Pielęgniarstwo;Nie;Tak;Brak;Brak;
Anonimowa;2021-06-23;Jakoś Studiowania w PSW 2020/2021 Lato;Kobieta;4;4;4;4;4;5;3;4;4;4;4;4;4;5;5;4;5;5;5;5;5;;4;5;;5;5;4;5;5;4;3;3;3;Kobieta;Grudziadz;2;stacjonarne;Pielęgniarstwo;Nie;Nie;;Brak;
Anonimowa;2021-06-23;Jakoś Studiowania w PSW 2020/2021 Lato;Kobieta;5;5;5;5;5;3;5;5;4;4;4;4;5;4;4;5;5;2;3;4;3;Nie d9tyczy1;4;4;Wszystko jest dobrze;4;3;3;5;5;5;5;5;5;Kobieta;Prabuty;2;stacjonarne;Pielęgniarstwo;Nie;Tak;Brak uwag;Spoko;
Anonimowa;2021-06-23;Jakoś Studiowania w PSW 2020/2021 Lato;Kobieta;4;4;3;4;4;4;3;4;3;3;4;4;4;4;4;4;4;4;4;4;4;;4;4;;4;4;4;3;3;3;4;3;3;Kobieta;Iława;2;stacjonarne;Pielęgniarstwo;Nie;Nie;;Brak;
Anonimowa;2021-06-23;Jakoś Studiowania w PSW 2020/2021 Lato;Kobieta;5;5;5;5;5;5;3;5;5;3;5;4;5;5;5;5;4;4;4;5;5;;5;5;;4;4;4;5;5;5;3;3;3;Kobieta;kętrzyn;1;stacjonarne;Pielęgniarstwo;Nie;Nie;brak;brak;
Anonimowa;2021-06-23;Jakoś Studiowania w PSW 2020/2021 Lato;Kobieta;4;4;3;3;3;3;3;3;4;3;3;1;4;3;4;4;2;2;2;4;3;;4;4;;4;3;3;3;3;3;3;3;3;Kobieta;Płużnica;2;stacjonarne;Pielęgniarstwo;Nie;Nie;;Bez uwag;
Anonimowa;2021-06-23;Jakoś Studiowania w PSW 2020/2021 Lato;Mężczyzna;4;4;3;3;3;2;3;4;4;4;4;4;3;3;4;4;4;5;4;3;3;...;3;3;;3;3;3;5;5;5;4;3;3;Mężczyzna;Kwidzyn;2;stacjonarne;Pielęgniarstwo;Nie;Nie;brak;brak;
Anonimowa;2021-06-23;Jakoś Studiowania w PSW 2020/2021 Lato;Kobieta;5;5;5;5;5;5;3;5;5;5;5;5;5;5;5;5;5;5;5;5;5;Wszystko jest w należytym porządku.;5;5;Nic.;5;5;5;5;5;5;5;5;5;Kobieta;Kościerzyna;1;niestacjonarne;Pielęgniarstwo;Nie;Nie;Brak;Brak;
Anonimowa;2021-06-23;Jakoś Studiowania w PSW 2020/2021 Lato;Kobieta;5;5;5;5;5;5;3;5;5;5;5;4;5;5;5;5;5;5;5;5;5;Aplikacja;5;5;Wersja na telefon;5;5;5;5;5;5;3;3;3;Kobieta;Grudziądz;1;stacjonarne;Pielęgniarstwo;Nie;Nie;;Brak;
Anonimowa;2021-06-23;Jakoś Studiowania w PSW 2020/2021 Lato;Kobieta;4;4;4;4;4;4;3;4;4;3;4;4;4;4;4;4;3;3;2;4;4;;4;4;;3;3;3;3;4;4;3;3;3;Kobieta;Nowe;1;stacjonarne;Pielęgniarstwo;Nie;Nie;;bez uwag;
Anonimowa;2021-06-23;Jakoś Studiowania w PSW 2020/2021 Lato;Mężczyzna;3;3;3;4;4;3;3;3;3;3;4;4;4;4;2;4;4;4;4;4;4;;3;4;;4;4;4;3;3;3;3;3;3;Mężczyzna;Gdańsk;1;stacjonarne;Pielęgniarstwo;Nie;Nie;;Brak.;
Anonimowa;2021-06-23;Jakoś Studiowania w PSW 2020/2021 Lato;Kobieta;5;5;5;5;4;4;3;3;3;3;5;5;5;5;5;4;5;5;5;5;5;Brak uwag;5;5;Brak uwag;5;5;5;5;5;5;5;5;5;Kobieta;Grudziądz;1;stacjonarne;Pielęgniarstwo;Nie;Nie;Brak;Brak;
Anonimowa;2021-06-23;Jakoś Studiowania w PSW 2020/2021 Lato;Mężczyzna;5;5;5;4;4;5;3;4;4;5;5;2;4;4;4;5;5;5;5;5;5;nic nie brakuje.;5;5;nic nie brakuje;4;5;5;5;5;5;5;5;5;Mężczyzna;gmina Biskupiec;1;niestacjonarne;Ratownictwo Medyczne;Nie;Nie;brak;brak;
Anonimowa;2021-06-23;Jakoś Studiowania w PSW 2020/2021 Lato;Mężczyzna;5;5;3;5;5;5;3;5;5;3;5;4;5;5;4;5;5;4;5;5;5;jest ok;2;2;ogólnie wizualizacja jest kiepska, co do aktualności informacji bieżących jestOK;3;3;3;5;5;5;3;3;3;Mężczyzna;Hamburg;1;stacjonarne;Pielęgniarstwo;Nie;Nie;;ok;
Anonimowa;2021-06-23;Jakoś Studiowania w PSW 2020/2021 Lato;Mężczyzna;4;4;4;5;3;5;3;5;5;5;5;3;5;5;5;5;5;5;5;5;5;-;5;5;-;4;5;5;5;5;5;5;5;5;Mężczyzna;Bukowiec;1;niestacjonarne;Ratownictwo Medyczne;Nie;Nie;-;-;
Anonimowa;2021-06-23;Jakoś Studiowania w PSW 2020/2021 Lato;Kobieta;4;4;4;3;3;3;3;3;3;3;3;3;3;3;3;3;4;4;4;4;5;;4;4;;4;4;4;4;4;4;3;3;3;Kobieta;Gdańsk;1;niestacjonarne;Pielęgniarstwo w ramach studiów pomostowych;Nie;Nie;;Na chwilę obecną brak;
Anonimowa;2021-06-23;Jakoś Studiowania w PSW 2020/2021 Lato;Mężczyzna;5;5;5;5;5;5;5;5;5;5;5;5;5;5;5;5;5;5;5;5;5;;5;5;nic;5;5;5;5;5;5;5;5;5;Mężczyzna;Żuromin;1;stacjonarne;Pielęgniarstwo;Nie;Nie;brak;brak;
Anonimowa;2021-06-23;Jakoś Studiowania w PSW 2020/2021 Lato;Mężczyzna;5;5;5;5;5;5;5;5;5;5;5;5;5;5;5;5;5;5;5;5;5;;5;5;;5;5;5;5;5;5;5;5;5;Mężczyzna;Świecie;1;niestacjonarne;Ratownictwo Medyczne;Nie;Nie;;Brak;
Anonimowa;2021-06-23;Jakoś Studiowania w PSW 2020/2021 Lato;Kobieta;5;5;5;5;5;4;3;5;4;4;4;4;4;4;5;5;4;4;4;4;4;;4;4;;4;4;4;5;5;5;5;4;4;Kobieta;STAROGARD GDAŃSKI;2;stacjonarne;Pielęgniarstwo;Nie;Nie;;BRAK;
Anonimowa;2021-06-23;Jakoś Studiowania w PSW 2020/2021 Lato;Kobieta;4;4;4;4;4;4;4;4;4;4;4;4;4;5;5;5;5;5;5;5;5;Nic;5;5;;5;5;1;5;5;5;5;5;5;Kobieta;Grudziądz;1;stacjonarne;Kosmetologia;Nie;Nie;Brak;Brak;
Anonimowa;2021-06-23;Jakoś Studiowania w PSW 2020/2021 Lato;Kobieta;5;5;5;5;5;5;5;5;5;5;5;5;5;5;5;5;5;5;5;5;5;niczego nie brakuje;5;5;niczego nie brakuje;5;5;5;5;5;5;5;5;5;Kobieta;Gdynia;1;niestacjonarne;Pielęgniarstwo;Nie;Nie;;nie mam uwag;
Anonimowa;2021-06-23;Jakoś Studiowania w PSW 2020/2021 Lato;Mężczyzna;4;4;4;4;4;4;3;3;4;4;4;4;4;4;4;4;4;4;4;4;4;;4;4;;4;4;4;4;5;5;4;4;4;Mężczyzna;Gdańsk;1;stacjonarne;Pielęgniarstwo;Nie;Nie;;Brak;
Anonimowa;2021-06-23;Jakoś Studiowania w PSW 2020/2021 Lato;Kobieta;5;5;5;5;5;5;3;3;3;3;3;4;4;4;4;4;5;5;5;5;5;nic;5;4;nic;5;5;5;5;5;5;3;3;3;Kobieta;Kwidzyn;1;stacjonarne;Pielęgniarstwo;Nie;Nie;brak;brak;
Anonimowa;2021-06-23;Jakoś Studiowania w PSW 2020/2021 Lato;Mężczyzna;5;5;5;5;5;5;5;5;5;5;5;5;5;5;5;5;5;5;5;5;5;;5;5;;5;5;5;5;5;5;5;5;5;Mężczyzna;Elbląg;1;niestacjonarne;Pielęgniarstwo;Nie;Nie;Brak;Brak;
Anonimowa;2021-06-23;Jakoś Studiowania w PSW 2020/2021 Lato;Mężczyzna;5;5;5;5;5;5;5;5;5;5;5;5;5;5;5;5;5;5;5;5;5;;5;5;;5;5;5;5;5;5;5;5;5;Mężczyzna;Sucharskiego 11/2 14-500 Brani;2;niestacjonarne;Ratownictwo Medyczne;Nie;Nie;;Brak;
Anonimowa;2021-06-23;Jakoś Studiowania w PSW 2020/2021 Lato;Mężczyzna;5;5;5;5;5;5;5;5;5;5;5;5;5;5;5;5;5;5;5;5;5;;5;5;nie mam uwag;5;5;5;5;5;5;5;5;5;Mężczyzna;gmina Kwidzyn;1;stacjonarne;Pielęgniarstwo;Nie;Nie;brak uwag;brak uwag;
Anonimowa;2021-06-23;Jakoś Studiowania w PSW 2020/2021 Lato;Kobieta;4;3;4;4;4;4;3;5;5;5;5;4;5;4;5;5;4;5;4;5;5;Umożliwienie;5;5;Brak uwag;4;5;5;5;5;5;5;4;3;Kobieta;Grudziądz;1;stacjonarne;Pielęgniarstwo;Nie;Nie;Brak;Brak uwag;
Anonimowa;2021-06-23;Jakoś Studiowania w PSW 2020/2021 Lato;Mężczyzna;5;5;5;5;5;5;5;5;5;5;5;5;5;5;5;5;5;5;5;5;5;;5;5;;5;5;5;5;5;5;5;5;5;Mężczyzna;Gniew;1;niestacjonarne;Ratownictwo Medyczne;Nie;Nie;;brak;
Anonimowa;2021-06-23;Jakoś Studiowania w PSW 2020/2021 Lato;Kobieta;4;4;3;3;3;4;3;3;3;3;3;3;3;4;4;4;4;4;4;4;4;-;4;4;-;3;3;3;4;4;4;3;3;3;Kobieta;warmińsko-mazurskie;1;niestacjonarne;Ratownictwo Medyczne;Nie;Nie;-;-;
Anonimowa;2021-06-23;Jakoś Studiowania w PSW 2020/2021 Lato;Kobieta;3;3;3;3;3;3;3;3;3;4;3;3;3;3;3;3;3;3;3;3;3;;3;3;;3;3;3;3;3;3;3;3;3;Kobieta;Gmina;3;stacjonarne;Pielęgniarstwo;Nie;Nie;;Brak;
Anonimowa;2021-06-23;Jakoś Studiowania w PSW 2020/2021 Lato;Kobieta;5;5;5;5;5;5;5;5;5;5;5;4;5;5;5;5;5;5;5;5;5;Nic;5;5;Nic;5;5;5;5;5;5;5;5;5;Kobieta;Suleczyno;1;niestacjonarne;Pielęgniarstwo;Nie;Nie;;Ok;
Anonimowa;2021-06-23;Jakoś Studiowania w PSW 2020/2021 Lato;Kobieta;5;5;5;5;5;5;3;5;5;1;3;4;5;5;5;5;5;5;5;5;5;...;5;5;...;5;5;5;5;5;5;3;3;3;Kobieta;Gniew;1;niestacjonarne;Pielęgniarstwo;Nie;Nie;Brak;Brak;
Anonimowa;2021-06-23;Jakoś Studiowania w PSW 2020/2021 Lato;Mężczyzna;5;5;5;5;5;5;3;3;3;5;3;5;5;5;5;5;5;5;5;5;5;;5;5;;5;5;5;5;5;5;3;3;3;Mężczyzna;MORZESZCZYN;1;niestacjonarne;Ratownictwo Medyczne;Nie;Nie;;Brak;
Anonimowa;2021-06-23;Jakoś Studiowania w PSW 2020/2021 Lato;Kobieta;5;5;3;3;3;3;3;4;4;5;5;4;3;3;3;3;3;3;3;3;3;;3;3;;3;3;4;5;5;4;3;3;3;Kobieta;Smetowo Graniczne;1;stacjonarne;Pielęgniarstwo;Nie;Nie;;Brak;
Anonimowa;2021-06-23;Jakoś Studiowania w PSW 2020/2021 Lato;Mężczyzna;4;4;4;5;4;4;4;3;4;4;4;4;4;4;4;4;5;4;5;5;4;Tak jak jest teraz,jest dobrze.;4;4;Niczego;4;4;5;4;4;4;4;4;3;Mężczyzna;Grudziądz;2;stacjonarne;Pielęgniarstwo;Nie;Nie;brak;brak;
Anonimowa;2021-06-23;Jakoś Studiowania w PSW 2020/2021 Lato;Kobieta;5;5;5;5;5;5;3;5;5;5;1;5;5;5;5;5;5;5;5;5;5;Nie mam zastrzeżeń;5;5;Nie mam zastrzeżeń;5;5;5;5;5;5;5;5;5;Kobieta;Bałoszyce gmina Susz;1;niestacjonarne;Pielęgniarstwo;Nie;Nie;Brak;Brak;
Anonimowa;2021-06-23;Jakoś Studiowania w PSW 2020/2021 Lato;Kobieta;4;3;4;4;4;4;4;5;3;5;4;5;5;3;4;1;5;3;3;3;4;;5;4;;4;3;3;4;3;5;4;5;3;Kobieta;Chełmno;1;niestacjonarne;Pielęgniarstwo;Nie;Nie;;Brak;
Anonimowa;2021-06-23;Jakoś Studiowania w PSW 2020/2021 Lato;Kobieta;4;4;4;4;4;3;3;4;3;4;4;4;4;4;4;4;4;4;4;4;4;Bez uwag;4;4;-;4;4;4;3;3;3;3;3;3;Kobieta;Kwidzyn;1;niestacjonarne;Pielęgniarstwo;Nie;Nie;-;-;
Anonimowa;2021-06-23;Jakoś Studiowania w PSW 2020/2021 Lato;Kobieta;5;5;5;5;5;5;5;5;5;5;5;5;5;5;5;5;5;5;5;5;5;Wszystko jest dobrze;5;5;;5;5;5;5;5;5;5;5;5;Kobieta;Reszel;1;niestacjonarne;Pielęgniarstwo;Nie;Nie;Brak;Ok;
Anonimowa;2021-06-23;Jakoś Studiowania w PSW 2020/2021 Lato;Kobieta;4;4;4;4;4;4;3;4;4;3;4;4;4;4;4;4;5;5;4;4;4;;4;4;;4;5;5;5;5;5;3;3;3;Kobieta;Grudziądz;1;stacjonarne;Pielęgniarstwo;Nie;Nie;Bez uwag;Bez uwag;
Anonimowa;2021-06-23;Jakoś Studiowania w PSW 2020/2021 Lato;Mężczyzna;5;5;5;5;5;5;3;4;4;4;4;4;5;5;5;4;5;5;5;5;5;Według mnie wszystko sprawnie i terminowo.;5;5;nic;4;4;4;4;5;5;3;3;3;Mężczyzna;MALBORK;3;niestacjonarne;Ratownictwo Medyczne;Nie;Nie;BRAK;BRAK;
Anonimowa;2021-06-23;Jakoś Studiowania w PSW 2020/2021 Lato;Kobieta;5;5;5;5;5;3;3;4;4;4;5;2;2;5;5;5;3;3;3;3;3;Nie wiem;5;4;Nie wiem;5;4;4;4;4;4;3;3;3;Kobieta;Starogard gd;1;stacjonarne;Pielęgniarstwo;Nie;Nie;Brak;Brak;
Anonimowa;2021-06-23;Jakoś Studiowania w PSW 2020/2021 Lato;Mężczyzna;5;5;5;5;5;5;5;5;5;5;5;5;5;5;5;5;5;5;5;5;5;nic;5;5;nic;5;5;5;5;5;5;5;5;5;Mężczyzna;SKARSZEWY;1;niestacjonarne;Pielęgniarstwo;Nie;Nie;BRAK;BRAK;
Anonimowa;2021-06-23;Jakoś Studiowania w PSW 2020/2021 Lato;Kobieta;5;5;5;5;5;5;5;5;5;5;5;5;5;5;5;5;5;5;5;5;5;Niczego nie brakuje;5;5;Niczego nie brakuje;5;5;5;5;5;5;5;5;5;Kobieta;Ryjewo;1;niestacjonarne;Pielęgniarstwo;Nie;Nie;Nie mam uwag;Nie mam uwag ,ankieta jest jasna i na temat;
Anonimowa;2021-06-23;Jakoś Studiowania w PSW 2020/2021 Lato;Kobieta;5;5;4;5;5;4;3;3;3;3;4;4;4;4;4;5;4;5;5;5;5;;5;5;Nie mam uwag;5;5;5;5;5;5;5;3;3;Kobieta;Smętowo Graniczne;1;stacjonarne;Pielęgniarstwo;Nie;Nie;;Nie mam uwag;
Anonimowa;2021-06-23;Jakoś Studiowania w PSW 2020/2021 Lato;Mężczyzna;5;5;5;5;5;5;5;5;5;5;5;5;5;5;5;5;5;5;5;5;5;Niczego nie brakuje;5;5;Niczego nie brakuje;5;5;5;5;5;5;5;5;5;Mężczyzna;Starogard Gdanski;1;niestacjonarne;Pielęgniarstwo;Nie;Tak;Brak;Brak;
Anonimowa;2021-06-23;Jakoś Studiowania w PSW 2020/2021 Lato;Kobieta;4;4;3;4;4;3;3;4;5;5;4;3;4;3;3;4;4;4;4;3;3;Nie mam uwag;4;3;słabe połączenia i wyrzuca z systemu;4;4;4;4;4;3;3;3;3;Kobieta;Płock;2;stacjonarne;Pielęgniarstwo;Nie;Nie;;Nie mam uwag;
Anonimowa;2021-06-23;Jakoś Studiowania w PSW 2020/2021 Lato;Kobieta;5;4;5;4;5;5;4;5;4;1;5;5;5;5;4;5;4;4;4;4;4;;5;5;;5;5;5;5;5;5;5;5;4;Kobieta;Kwidzyn;1;niestacjonarne;Ekonomia;Nie;Nie;;Brak;
Anonimowa;2021-06-23;Jakoś Studiowania w PSW 2020/2021 Lato;Kobieta;4;4;4;4;4;4;3;3;3;3;4;4;4;4;4;4;3;4;4;4;4;;3;2;Strona internetowana jest bardzo nieczytelna wszystkko powinno być pod WD studen;3;3;3;3;3;3;3;3;3;Kobieta;Grudziądz;1;stacjonarne;Pielęgniarstwo;Nie;Nie;;Brak;
Anonimowa;2021-06-23;Jakoś Studiowania w PSW 2020/2021 Lato;Kobieta;4;5;5;5;4;5;3;3;3;3;5;4;5;5;5;5;4;4;4;4;4;;4;4;Mało przejrzysty plan;5;4;4;4;4;4;3;3;3;Kobieta;Gdansk;3;stacjonarne;Pielęgniarstwo;Nie;Nie;;Nie mam.;
Anonimowa;2021-06-23;Jakoś Studiowania w PSW 2020/2021 Lato;Kobieta;5;5;5;5;5;5;5;5;5;5;5;5;5;5;5;5;5;5;5;5;5;;5;5;;5;5;5;5;5;5;5;5;5;Kobieta;Olsztyn;1;stacjonarne;Pielęgniarstwo;Nie;Nie;Brak;Brak;
Anonimowa;2021-06-23;Jakoś Studiowania w PSW 2020/2021 Lato;Kobieta;5;5;5;5;5;5;3;5;5;4;5;4;5;5;5;5;5;5;5;5;5;;5;5;;5;5;5;5;5;5;5;5;5;Kobieta;Ryjewo;1;stacjonarne;Pielęgniarstwo;Nie;Nie;Nie mam;Nie mam;
Anonimowa;2021-06-23;Jakoś Studiowania w PSW 2020/2021 Lato;Kobieta;5;5;5;5;5;4;4;4;4;4;4;4;4;5;4;4;4;4;4;4;4;;4;4;;4;4;4;5;5;5;5;3;3;Kobieta;Gniew;2;niestacjonarne;Ekonomia;Nie;Nie;;OK;
Anonimowa;2021-06-23;Jakoś Studiowania w PSW 2020/2021 Lato;Kobieta;4;5;4;5;4;5;3;3;3;3;3;5;5;5;5;5;5;5;4;5;5;nie mam zdania;5;5;nie wiem;5;5;5;5;5;5;3;3;3;Kobieta;Stężyca;1;niestacjonarne;Pielęgniarstwo w ramach studiów pomostowych;Nie;Nie;;Nie mam uwag;
Anonimowa;2021-06-23;Jakoś Studiowania w PSW 2020/2021 Lato;Kobieta;5;5;5;4;5;5;3;3;3;3;3;4;5;4;5;5;4;5;5;5;4;;4;4;;5;5;5;3;3;3;3;3;3;Kobieta;Gdańsk;1;niestacjonarne;Pielęgniarstwo w ramach studiów pomostowych;Nie;Nie;;brak uwag;
Anonimowa;2021-06-23;Jakoś Studiowania w PSW 2020/2021 Lato;Kobieta;5;5;5;5;5;5;3;3;3;3;5;5;5;5;5;5;5;5;5;5;5;Bez uwag;4;5;;5;5;5;5;5;5;3;3;3;Kobieta;Starogard Gdański;1;niestacjonarne;Pielęgniarstwo;Nie;Nie;Bez uwag;Brak;
Anonimowa;2021-06-23;Jakoś Studiowania w PSW 2020/2021 Lato;Kobieta;4;4;3;4;4;4;3;4;3;3;4;4;3;3;4;4;4;3;4;4;4;;4;4;;4;4;4;4;4;4;3;3;3;Kobieta;Starogard gd;1;niestacjonarne;Pielęgniarstwo w ramach studiów pomostowych;Nie;Nie;;Brak uwag;
Anonimowa;2021-06-23;Jakoś Studiowania w PSW 2020/2021 Lato;Kobieta;5;4;5;4;5;4;3;5;4;4;4;3;5;5;5;4;4;4;4;3;3;;5;4;;4;4;4;5;5;5;3;4;3;Kobieta;Nowe;2;niestacjonarne;Ekonomia;Nie;Tak;;brak uwag;
Anonimowa;2021-06-23;Jakoś Studiowania w PSW 2020/2021 Lato;Kobieta;5;5;4;4;4;5;3;5;2;3;4;2;3;5;5;4;5;5;3;5;3;Szybkiego załatwiania spraw;4;4;;4;4;4;5;5;5;3;3;3;Kobieta;Świecid;1;stacjonarne;Pielęgniarstwo;Nie;Nie;;Bez uwag;
Anonimowa;2021-06-23;Jakoś Studiowania w PSW 2020/2021 Lato;Mężczyzna;4;4;4;4;4;4;3;3;3;3;4;4;4;4;4;4;4;4;4;4;4;WD działa dobrze nie trzeba go modyfikować;2;3;Strona jest bardzo słabo przejrzysta i mało intuicyjna;4;4;4;4;4;4;3;3;3;Mężczyzna;Bartag;1;stacjonarne;Pielęgniarstwo;Nie;Nie;Brak;Brak;
Anonimowa;2021-06-23;Jakoś Studiowania w PSW 2020/2021 Lato;Kobieta;4;4;4;4;4;4;4;4;4;4;4;4;4;4;4;4;4;5;4;4;4;Brak uwag;4;4;Brak uwag;5;5;4;4;4;5;4;5;4;Kobieta;Kartuzy;2;stacjonarne;Pielęgniarstwo;Nie;Nie;;Brak uwag;
Anonimowa;2021-06-23;Jakoś Studiowania w PSW 2020/2021 Lato;Mężczyzna;5;3;4;5;5;5;3;3;3;3;4;5;5;5;5;5;5;5;5;5;5;Jest dobrze;5;5;Jest dobrze;5;5;5;5;5;5;3;5;5;Mężczyzna;Gdańsk;1;stacjonarne;Pielęgniarstwo;Nie;Nie;;Brak;
Anonimowa;2021-06-23;Jakoś Studiowania w PSW 2020/2021 Lato;Kobieta;5;4;3;3;3;4;3;3;3;3;5;2;3;4;4;4;4;4;2;4;3;;3;4;;3;3;3;3;5;4;3;3;3;Kobieta;Nowe;1;stacjonarne;Pielęgniarstwo;Nie;Nie;;Brak uwag.;
Anonimowa;2021-06-23;Jakoś Studiowania w PSW 2020/2021 Lato;Kobieta;4;4;4;4;4;4;3;4;4;4;4;4;4;4;4;4;3;4;4;4;4;;4;4;;4;4;4;4;4;4;3;3;3;Kobieta;Prabuty;1;stacjonarne;Pielęgniarstwo;Nie;Nie;;Nie mam uwag;
Anonimowa;2021-06-23;Jakoś Studiowania w PSW 2020/2021 Lato;Kobieta;5;5;5;5;5;5;5;5;5;5;5;5;5;5;5;5;5;5;5;5;5;;5;5;;5;5;5;5;5;5;5;5;5;Kobieta;ROGÓŹNO;1;niestacjonarne;Pielęgniarstwo;Nie;Nie;BRAK;BRAK;
Anonimowa;2021-06-23;Jakoś Studiowania w PSW 2020/2021 Lato;Kobieta;4;5;4;5;4;4;3;4;3;3;5;5;5;5;5;5;5;5;4;5;5;Nie wiem;4;4;;4;4;4;4;4;4;3;3;4;Kobieta;Gdansk;1;niestacjonarne;Pielęgniarstwo;Nie;Nie;Brak;Brak uwag;
Anonimowa;2021-06-23;Jakoś Studiowania w PSW 2020/2021 Lato;Kobieta;4;4;4;4;4;4;3;3;3;4;3;3;4;4;5;4;4;4;4;4;4;Nie mam zdania;4;4;Raczej wszystko jest czytelne;3;4;4;3;3;3;3;3;3;Kobieta;87-327 Bobrowo, Bobrowo  27;1;niestacjonarne;Pielęgniarstwo;Nie;Nie;Brak;Brak;
Anonimowa;2021-06-23;Jakoś Studiowania w PSW 2020/2021 Lato;Kobieta;5;3;3;5;4;5;3;3;3;3;4;4;4;5;5;5;5;5;5;5;5;;5;5;;3;3;3;3;3;3;3;3;3;Kobieta;Kościerzyna;1;niestacjonarne;Pielęgniarstwo;Nie;Nie;;Brak;
Anonimowa;2021-06-23;Jakoś Studiowania w PSW 2020/2021 Lato;Kobieta;5;5;5;5;5;5;5;5;5;5;5;5;5;5;5;5;5;5;5;5;5;;5;5;;5;5;5;5;5;5;5;5;5;Kobieta;Grudziądz;1;niestacjonarne;Pielęgniarstwo;Nie;Nie;;brak;
Anonimowa;2021-06-23;Jakoś Studiowania w PSW 2020/2021 Lato;Mężczyzna;3;3;2;3;3;3;3;3;3;3;4;2;3;3;4;4;4;4;4;5;4;;4;4;;3;3;3;5;5;3;3;3;3;Mężczyzna;.;1;stacjonarne;Pielęgniarstwo;Nie;Nie;;.;
Anonimowa;2021-06-23;Jakoś Studiowania w PSW 2020/2021 Lato;Kobieta;4;4;4;4;4;4;4;4;4;4;4;4;4;4;4;4;4;4;4;4;4;;4;4;;4;4;4;4;4;4;4;4;4;Kobieta;Gdańsk;1;stacjonarne;Pielęgniarstwo;Nie;Nie;;Brak;
Anonimowa;2021-06-23;Jakoś Studiowania w PSW 2020/2021 Lato;Kobieta;1;3;4;4;5;4;3;4;3;3;5;4;4;5;5;5;5;5;5;5;5;-;5;5;-;4;4;4;5;5;5;3;3;3;Kobieta;Kisielice;1;niestacjonarne;Ekonomia;Nie;Nie;Brak;Brak;
Anonimowa;2021-06-23;Jakoś Studiowania w PSW 2020/2021 Lato;Kobieta;5;5;5;5;5;5;3;5;5;4;5;5;5;5;5;5;5;5;5;5;5;;5;5;;5;5;5;5;5;5;5;5;5;Kobieta;Rogóźno;2;niestacjonarne;Ekonomia;Nie;Tak;;brak uwag;
Anonimowa;2021-06-23;Jakoś Studiowania w PSW 2020/2021 Lato;Mężczyzna;4;4;4;4;4;5;4;4;3;3;4;4;4;4;4;4;4;4;4;4;4;Brak;4;4;Brak;4;4;4;4;4;4;4;4;4;Mężczyzna;Olsztyn;2;stacjonarne;Pielęgniarstwo;Nie;Nie;Brak;Brak;
Anonimowa;2021-06-23;Jakoś Studiowania w PSW 2020/2021 Lato;Kobieta;4;4;4;4;4;4;4;4;4;4;4;4;4;4;4;4;4;4;4;4;4;Nic;4;4;Nic;4;4;4;4;4;4;4;4;4;Kobieta;Gdynia;1;niestacjonarne;Pielęgniarstwo;Nie;Nie;Brak;Brak;
Anonimowa;2021-06-23;Jakoś Studiowania w PSW 2020/2021 Lato;Kobieta;5;5;5;5;5;5;3;3;3;3;5;3;4;5;5;5;5;5;5;5;5;;5;5;;5;5;5;5;5;5;5;5;5;Kobieta;Grudziądz;1;stacjonarne;Pielęgniarstwo;Nie;Nie;;Brak;
Anonimowa;2021-06-23;Jakoś Studiowania w PSW 2020/2021 Lato;Kobieta;4;4;3;4;4;3;3;3;2;3;4;2;4;3;4;4;4;4;4;4;4;Nic;4;4;Nic;3;3;3;4;4;4;3;3;3;Kobieta;Wieś;1;stacjonarne;Pielęgniarstwo;Nie;Nie;Brak;Brak;
Anonimowa;2021-06-23;Jakoś Studiowania w PSW 2020/2021 Lato;Kobieta;5;5;5;5;5;5;3;5;5;3;5;3;5;5;5;5;5;5;5;5;5;;4;4;;5;5;5;5;5;5;5;5;5;Kobieta;Iława;1;stacjonarne;Pielęgniarstwo;Nie;Nie;;brak;
Anonimowa;2021-06-23;Jakoś Studiowania w PSW 2020/2021 Lato;Mężczyzna;5;5;5;5;5;5;5;5;5;5;5;5;5;5;5;5;5;5;5;5;5;;5;5;;5;5;5;5;5;5;5;5;5;Mężczyzna;Sopot;1;stacjonarne;Pielęgniarstwo;Nie;Nie;Chciałbym aby zdalne nauczanie które pozwala mi studiować dzięki temu że nie koliduje z moją pracą zostało z nami do końca studiów.;Nie mam zdania;
Anonimowa;2021-06-23;Jakoś Studiowania w PSW 2020/2021 Lato;Kobieta;5;5;5;5;5;5;3;4;5;3;5;5;5;5;5;4;5;5;5;5;5;Brak uwag;5;5;Brak uwag;5;5;5;5;5;5;5;3;4;Kobieta;Kwidzyn;1;stacjonarne;Pielęgniarstwo;Nie;Nie;;Nie mam uwag;
Anonimowa;2021-06-24;Jakoś Studiowania w PSW 2020/2021 Lato;Mężczyzna;4;4;4;4;4;4;4;4;4;4;4;4;4;4;4;4;4;4;4;4;4;;4;4;;4;4;4;5;5;5;4;4;3;Mężczyzna;tczew;2;stacjonarne;Pielęgniarstwo;Nie;Nie;;brak;
Anonimowa;2021-06-24;Jakoś Studiowania w PSW 2020/2021 Lato;Kobieta;4;4;4;4;4;4;4;4;4;4;4;4;4;4;4;4;4;4;4;4;4;;4;4;;4;4;4;5;5;5;3;3;3;Kobieta;tczew;2;stacjonarne;Pielęgniarstwo;Nie;Nie;;brak;
Anonimowa;2021-06-24;Jakoś Studiowania w PSW 2020/2021 Lato;Kobieta;4;3;4;3;4;3;3;3;3;3;3;4;4;3;4;4;5;5;4;4;4;nie wiem;4;4;nie zajmuję się tym;4;4;4;4;4;4;3;3;3;Kobieta;Gdańsk;1;niestacjonarne;Pielęgniarstwo;Nie;Nie;;brak;
Anonimowa;2021-06-24;Jakoś Studiowania w PSW 2020/2021 Lato;Kobieta;5;5;5;5;5;5;3;5;3;3;3;4;4;4;5;5;4;4;4;4;4;Nie mam pomysłu.;5;4;Uważam iż strona jest bardzo dobrze prowadzona.;3;3;3;4;4;4;5;3;3;Kobieta;Kolincz;1;niestacjonarne;Pielęgniarstwo;Nie;Nie;brak;brak;
Anonimowa;2021-06-24;Jakoś Studiowania w PSW 2020/2021 Lato;Kobieta;5;3;4;4;5;5;3;4;4;4;4;3;4;5;5;4;5;5;5;5;5;;3;4;;5;5;5;5;5;5;5;5;5;Kobieta;Brodnica;2;stacjonarne;Pielęgniarstwo;Nie;Nie;Brak;Brak;
Anonimowa;2021-06-24;Jakoś Studiowania w PSW 2020/2021 Lato;Mężczyzna;4;3;3;2;4;3;3;3;3;3;3;1;4;4;4;4;5;4;5;5;5;;4;4;;4;4;4;3;3;3;3;3;3;Mężczyzna;Grudziadz;1;stacjonarne;Pielęgniarstwo;Nie;Nie;;Brak;
Anonimowa;2021-06-24;Jakoś Studiowania w PSW 2020/2021 Lato;Kobieta;5;5;5;5;5;5;5;5;5;5;5;5;5;5;5;5;5;5;5;5;5;-;5;5;-;5;5;5;5;5;5;5;5;5;Kobieta;Starogard Gdański;1;niestacjonarne;Pielęgniarstwo;Nie;Nie;-;-;
Anonimowa;2021-06-24;Jakoś Studiowania w PSW 2020/2021 Lato;Kobieta;5;5;4;4;5;5;3;4;4;4;5;4;4;5;5;5;5;5;5;5;5;;4;4;Informacje na temat badań i potrzebnych dokumentów do praktyk zawodowych;4;4;4;5;5;5;3;3;3;Kobieta;Ul. Staffa 14  14-240 Susz;1;stacjonarne;Pielęgniarstwo;Nie;Nie;Brak;Brak;
Anonimowa;2021-06-24;Jakoś Studiowania w PSW 2020/2021 Lato;Mężczyzna;5;5;5;5;5;5;5;5;5;5;5;5;5;5;5;5;5;5;5;5;5;;5;5;;5;5;5;5;5;5;5;5;5;Mężczyzna;Gdynia;1;niestacjonarne;Ratownictwo Medyczne;Nie;Nie;;Brak uwag;
Anonimowa;2021-06-24;Jakoś Studiowania w PSW 2020/2021 Lato;Kobieta;4;4;4;4;4;4;3;4;4;4;4;4;4;4;4;4;4;4;4;4;4;Wszystko ok;4;4;Wszystko jest;4;4;4;4;4;4;4;4;4;Kobieta;Wąbrzeźno;1;stacjonarne;Pielęgniarstwo;Nie;Nie;;Brak;
Anonimowa;2021-06-24;Jakoś Studiowania w PSW 2020/2021 Lato;Kobieta;5;5;4;4;4;4;3;4;4;4;4;3;4;4;4;3;4;4;4;4;4;Bez uwag;4;4;Bez uwag;4;4;4;5;5;5;4;4;4;Kobieta;Grudziadz;1;stacjonarne;Pielęgniarstwo;Nie;Nie;Bez uwag;Brak;
Anonimowa;2021-06-24;Jakoś Studiowania w PSW 2020/2021 Lato;Mężczyzna;4;4;4;4;4;4;3;4;4;4;4;4;4;4;4;4;4;4;4;4;4;;4;4;;4;5;4;5;5;4;4;4;4;Mężczyzna;Ryjewo;1;niestacjonarne;Ratownictwo Medyczne;Nie;Nie;Brak;Brak;
Anonimowa;2021-06-24;Jakoś Studiowania w PSW 2020/2021 Lato;Kobieta;4;4;3;3;4;3;3;4;5;4;5;2;4;4;4;3;2;2;2;2;2;Nie wiem;4;4;Nie wiem;4;4;4;5;5;5;3;3;3;Kobieta;Świecie;1;niestacjonarne;Ratownictwo Medyczne;Nie;Nie;Brak;Brak;
Anonimowa;2021-06-24;Jakoś Studiowania w PSW 2020/2021 Lato;Mężczyzna;4;4;4;4;4;4;4;4;4;4;4;4;4;4;4;4;4;4;4;4;4;;4;4;;4;4;4;4;4;4;4;4;4;Mężczyzna;Grudziądz;1;niestacjonarne;Ratownictwo Medyczne;Nie;Nie;;Brak;
Anonimowa;2021-06-24;Jakoś Studiowania w PSW 2020/2021 Lato;Kobieta;4;4;4;4;4;4;4;4;5;4;4;4;4;4;4;4;4;4;4;4;4;;4;4;;4;4;4;4;4;4;4;4;4;Kobieta;Sadlinki;1;stacjonarne;Pielęgniarstwo;Nie;Nie;;Brak uwag;
Anonimowa;2021-06-24;Jakoś Studiowania w PSW 2020/2021 Lato;Mężczyzna;4;4;4;4;4;4;4;5;5;5;3;4;4;4;4;4;4;5;5;5;4;;4;4;;4;4;4;4;3;4;4;3;5;Mężczyzna;Lniano;1;niestacjonarne;Ratownictwo Medyczne;Tak;Tak;Brak;Brak;
Anonimowa;2021-06-24;Jakoś Studiowania w PSW 2020/2021 Lato;Mężczyzna;4;5;3;4;4;3;3;4;5;3;4;3;4;3;3;3;5;5;5;5;5;brak uwag;4;4;brak uwag;4;4;4;5;5;5;3;3;3;Mężczyzna;pomorskie;1;niestacjonarne;Ratownictwo Medyczne;Nie;Nie;brak;powinna być dobrowolna;
Anonimowa;2021-06-24;Jakoś Studiowania w PSW 2020/2021 Lato;Kobieta;4;3;5;4;4;4;3;5;5;3;4;3;4;4;4;4;3;3;4;4;3;;3;3;;4;4;3;4;4;4;3;3;3;Kobieta;Kwidzyn;1;stacjonarne;Pielęgniarstwo;Nie;Nie;;Brak;
Anonimowa;2021-06-24;Jakoś Studiowania w PSW 2020/2021 Lato;Kobieta;5;3;3;4;4;5;3;4;5;5;5;2;4;4;4;4;5;4;5;5;5;-;4;5;-;3;3;3;5;5;5;4;4;4;Kobieta;smętowo graniczne;1;stacjonarne;Pielęgniarstwo;Nie;Nie;brak;brak;
Anonimowa;2021-06-24;Jakoś Studiowania w PSW 2020/2021 Lato;Kobieta;4;3;3;3;4;3;3;4;4;3;4;3;4;4;3;3;4;4;4;4;4;-;3;3;-;3;3;3;4;5;5;3;3;3;Kobieta;Gdańsk;1;niestacjonarne;Ratownictwo Medyczne;Nie;Nie;brak;brak;
Anonimowa;2021-06-24;Jakoś Studiowania w PSW 2020/2021 Lato;Kobieta;5;5;5;5;5;5;5;5;5;5;5;5;5;5;5;5;5;5;5;5;5;Nic;5;5;Nic;5;5;5;5;5;5;5;5;5;Kobieta;Kwidzyn;1;stacjonarne;Pielęgniarstwo;Nie;Nie;Brak;Brak;
Anonimowa;2021-06-24;Jakoś Studiowania w PSW 2020/2021 Lato;Kobieta;4;4;4;4;2;4;3;3;3;3;4;1;2;4;2;3;4;4;3;3;3;.;4;3;;4;4;4;5;5;5;3;3;4;Kobieta;Bytów;1;stacjonarne;Pielęgniarstwo;Nie;Nie;;Powyższa ankieta z podaniem gminy zamieszkania, płci, roku oraz kierunku studiów jest nie anonimowa co znaczy , że w wielu przypadkach jest nie uzupełniona zgodnie z prawdą. Moim zdaniem taka ankieta, aby była wiarygodna powinna być anonimowa;
Anonimowa;2021-06-24;Jakoś Studiowania w PSW 2020/2021 Lato;Kobieta;5;5;3;5;5;3;5;5;5;5;5;5;5;5;5;5;5;5;5;5;5;;5;5;;5;5;5;5;5;5;5;5;3;Kobieta;miasto - Wejherowo;1;niestacjonarne;Ekonomia;Nie;Nie;;Brak możliwości wyboru kierunku studiów podyplomowych, więc zaznaczono ekonomię.;
Anonimowa;2021-06-24;Jakoś Studiowania w PSW 2020/2021 Lato;Kobieta;5;5;5;4;5;5;3;5;5;3;4;4;5;5;4;5;4;4;4;5;5;;5;5;;5;5;5;5;5;5;5;5;3;Kobieta;Kwidzyn;1;niestacjonarne;Pielęgniarstwo;Nie;Nie;;Brak;
Anonimowa;2021-06-24;Jakoś Studiowania w PSW 2020/2021 Lato;Mężczyzna;4;4;4;4;4;5;3;5;4;3;4;4;4;4;4;4;4;5;4;4;4;Nie narzekam.;4;4;.;4;4;4;5;5;5;3;3;3;Mężczyzna;Kutno;1;stacjonarne;Pielęgniarstwo;Nie;Nie;Brak uwag.;Brak uwag.;
Anonimowa;2021-06-24;Jakoś Studiowania w PSW 2020/2021 Lato;Mężczyzna;4;4;3;3;3;2;3;3;3;3;3;2;4;3;4;3;4;4;2;3;3;Więcej dobrych chęci;3;3;Jest DObrze;3;3;3;3;4;4;3;3;3;Mężczyzna;Gdańsk;1;niestacjonarne;Ratownictwo Medyczne;Nie;Nie;;Nie mogę skorzystać z dziekanatu dopóki nie uzupełnie ankiety mimo że termin jest do lipca...;
Anonimowa;2021-06-24;Jakoś Studiowania w PSW 2020/2021 Lato;Kobieta;4;4;4;4;4;4;3;4;4;3;3;4;4;4;4;4;4;4;3;4;3;,;4;4;;4;4;4;4;4;4;3;3;3;Kobieta;Miasto;1;stacjonarne;Pielęgniarstwo;Nie;Nie;;,;
Anonimowa;2021-06-24;Jakoś Studiowania w PSW 2020/2021 Lato;Mężczyzna;4;3;3;2;2;3;3;3;3;3;4;2;3;3;2;3;3;4;5;4;4;;4;4;;3;3;3;4;5;5;3;3;3;Mężczyzna;Dzierzgoń;1;niestacjonarne;Ratownictwo Medyczne;Nie;Nie;;Brak;
Anonimowa;2021-06-24;Jakoś Studiowania w PSW 2020/2021 Lato;Kobieta;4;4;4;4;3;4;3;3;3;3;4;4;4;4;5;5;4;4;3;3;3;;5;4;;5;5;5;3;3;3;3;3;3;Kobieta;Elbląg;3;niestacjonarne;Pielęgniarstwo;Nie;Nie;;brak;
Anonimowa;2021-06-24;Jakoś Studiowania w PSW 2020/2021 Lato;Kobieta;5;4;5;4;5;4;4;4;4;4;4;4;4;4;4;4;4;5;4;4;4;Bez uwag;5;5;Bez uwag;4;4;4;4;5;5;3;4;4;Kobieta;Grudziądz;1;stacjonarne;Pielęgniarstwo;Nie;Nie;Bez uwag;Bez uwag;
Anonimowa;2021-06-24;Jakoś Studiowania w PSW 2020/2021 Lato;Mężczyzna;4;4;4;4;4;4;3;4;4;4;4;4;4;4;4;4;4;4;4;4;4;;4;4;;4;4;4;4;4;4;3;4;3;Mężczyzna;Starogard Gdański;1;niestacjonarne;Ratownictwo Medyczne;Nie;Nie;;Brak uwag;
Anonimowa;2021-06-24;Jakoś Studiowania w PSW 2020/2021 Lato;Kobieta;4;4;4;4;4;4;3;4;5;3;4;4;4;4;5;4;4;4;4;4;4;;4;4;;4;4;4;4;4;4;3;3;3;Kobieta;Kwidzyn;1;stacjonarne;Pielęgniarstwo;Nie;Nie;;Nie mam uwag;
Anonimowa;2021-06-24;Jakoś Studiowania w PSW 2020/2021 Lato;Kobieta;4;4;4;4;4;4;4;4;4;4;4;4;4;4;4;4;4;4;4;4;4;;4;4;;4;4;4;4;4;4;4;4;4;Kobieta;Grudziądz;1;stacjonarne;Pielęgniarstwo;Nie;Nie;;Bez uwag;
Anonimowa;2021-06-24;Jakoś Studiowania w PSW 2020/2021 Lato;Kobieta;5;5;5;5;5;5;4;5;5;5;5;5;5;5;5;5;5;5;5;5;5;;5;5;;5;5;5;5;5;5;5;5;5;Kobieta;Grudziądz;1;stacjonarne;Pielęgniarstwo;Nie;Nie;Brak;Brak;
Anonimowa;2021-06-25;Jakoś Studiowania w PSW 2020/2021 Lato;Mężczyzna;4;5;2;3;3;2;3;3;3;3;3;3;3;3;3;3;3;3;3;3;3;;3;3;;3;3;3;3;3;3;4;4;3;Mężczyzna;Gdańsk;1;niestacjonarne;Pielęgniarstwo;Nie;Nie;;Brak;
Anonimowa;2021-06-24;Jakoś Studiowania w PSW 2020/2021 Lato;Kobieta;4;4;3;4;4;5;3;4;5;4;4;4;4;4;4;4;4;4;4;4;4;Niczego nie brakuje.;5;5;Niczego nie brakuje;4;4;4;5;5;5;4;4;4;Kobieta;Kwidzyn;1;stacjonarne;Pielęgniarstwo;Nie;Nie;Brak;Brak;
Anonimowa;2021-06-24;Jakoś Studiowania w PSW 2020/2021 Lato;Kobieta;5;5;5;5;5;5;5;5;5;5;5;5;5;5;5;5;5;5;5;5;5;niczego;5;5;;5;5;5;5;5;5;5;5;5;Kobieta;Starogard gdański;1;stacjonarne;Pielęgniarstwo;Nie;Nie;;nie mam uwag;
Anonimowa;2021-06-24;Jakoś Studiowania w PSW 2020/2021 Lato;Kobieta;4;4;4;4;4;4;4;4;4;4;4;4;4;4;4;4;4;4;4;4;4;;4;4;;4;4;4;4;4;4;4;4;3;Kobieta;Grudziądz;1;niestacjonarne;Pielęgniarstwo;Nie;Nie;;brak;
Anonimowa;2021-06-24;Jakoś Studiowania w PSW 2020/2021 Lato;Kobieta;5;5;5;5;5;5;5;5;5;5;5;5;5;5;5;5;5;5;5;5;5;;5;5;;5;5;5;5;5;5;5;5;5;Kobieta;Grudziądz;1;niestacjonarne;Pielęgniarstwo;Nie;Nie;;brak;
Anonimowa;2021-06-24;Jakoś Studiowania w PSW 2020/2021 Lato;Mężczyzna;4;4;3;4;4;4;3;3;3;3;4;4;4;4;4;4;4;4;4;4;4;;4;4;;4;4;4;4;4;4;3;3;3;Mężczyzna;Lidzbark Warmiński;1;niestacjonarne;Ratownictwo Medyczne;Nie;Nie;;brak;
Anonimowa;2021-06-24;Jakoś Studiowania w PSW 2020/2021 Lato;Kobieta;5;5;5;5;5;4;3;5;5;5;5;4;5;5;5;5;5;5;5;5;5;;5;5;;5;5;5;5;5;5;5;5;3;Kobieta;Kwidzyn;1;niestacjonarne;Ekonomia;Nie;Tak;;Nie mam uwag;
Anonimowa;2021-06-24;Jakoś Studiowania w PSW 2020/2021 Lato;Kobieta;4;4;4;4;4;4;4;4;4;4;4;4;4;4;4;4;4;4;4;4;4;Jest dobrze;4;4;Nie mam zdania;3;4;4;4;4;4;4;4;4;Kobieta;Łasin;2;stacjonarne;Pielęgniarstwo;Nie;Nie;;Nie mam uwag;
Anonimowa;2021-06-24;Jakoś Studiowania w PSW 2020/2021 Lato;Mężczyzna;5;5;5;5;5;5;5;5;5;5;5;5;5;5;5;5;5;5;5;5;5;;5;5;;5;5;5;5;5;5;5;5;5;Mężczyzna;Gdynia;3;niestacjonarne;Ratownictwo Medyczne;Nie;Nie;;Brak;
Anonimowa;2021-06-25;Jakoś Studiowania w PSW 2020/2021 Lato;Mężczyzna;5;5;5;5;5;5;5;5;5;5;4;5;5;4;5;5;5;5;5;5;5;;5;5;;5;5;5;5;5;5;5;5;5;Mężczyzna;Szczytno;1;stacjonarne;Pielęgniarstwo;Nie;Nie;;Brak;
Anonimowa;2021-06-24;Jakoś Studiowania w PSW 2020/2021 Lato;Kobieta;5;5;5;5;5;5;3;3;3;3;3;4;4;4;4;4;5;5;5;5;5;;4;4;;4;4;4;4;4;4;3;3;4;Kobieta;Kolbudy;1;niestacjonarne;Pielęgniarstwo w ramach studiów pomostowych;Nie;Nie;Brak;Brak;
Anonimowa;2021-06-25;Jakoś Studiowania w PSW 2020/2021 Lato;Kobieta;5;5;5;5;5;5;3;5;5;5;5;5;5;5;5;5;5;5;5;5;5;;5;5;;5;5;5;5;5;5;5;5;5;Kobieta;Prabuty;1;stacjonarne;Pielęgniarstwo;Nie;Nie;;Brak;
Anonimowa;2021-06-24;Jakoś Studiowania w PSW 2020/2021 Lato;Kobieta;5;5;5;5;5;5;4;4;4;4;5;5;4;4;5;5;5;5;5;5;5;;5;4;;5;4;4;5;4;5;4;5;4;Kobieta;Kwidzyn;1;niestacjonarne;Ekonomia;Nie;Nie;;Brak;
Anonimowa;2021-06-24;Jakoś Studiowania w PSW 2020/2021 Lato;Mężczyzna;4;4;4;4;3;3;3;4;3;3;4;3;3;4;4;4;3;3;3;3;3;Brak uwag;3;3;Brak uwag;3;3;3;3;3;3;3;3;3;Mężczyzna;Kwidzyn;1;stacjonarne;Pielęgniarstwo;Nie;Nie;Brak;Brak;
Anonimowa;2021-06-25;Jakoś Studiowania w PSW 2020/2021 Lato;Kobieta;5;5;5;5;5;5;5;5;5;5;5;5;5;5;5;5;5;5;5;5;5;;5;5;;5;5;5;5;5;5;5;5;5;Kobieta;Grudziądz;1;stacjonarne;Pielęgniarstwo;Nie;Nie;;Brak;
Anonimowa;2021-06-24;Jakoś Studiowania w PSW 2020/2021 Lato;Kobieta;4;3;3;4;3;3;3;3;3;3;3;3;3;3;3;3;3;3;3;3;3;;3;3;;3;3;3;3;3;3;3;3;3;Kobieta;Łasin;1;niestacjonarne;Pielęgniarstwo;Nie;Nie;;brak uwag;
Anonimowa;2021-06-24;Jakoś Studiowania w PSW 2020/2021 Lato;Kobieta;4;5;4;5;5;4;3;4;3;3;4;1;5;5;5;5;5;5;5;5;3;;4;4;;5;5;5;5;5;5;3;3;3;Kobieta;Kwidzyn;1;stacjonarne;Pielęgniarstwo;Nie;Nie;Brak;Brak;
Anonimowa;2021-06-24;Jakoś Studiowania w PSW 2020/2021 Lato;Kobieta;5;5;4;5;4;5;3;4;5;4;5;4;4;5;5;5;3;3;4;5;5;;5;5;;5;5;5;5;5;5;3;4;3;Kobieta;Iława;1;stacjonarne;Pielęgniarstwo;Nie;Nie;Jestem zachwycona nauczaniem online , dobrą organizacją uczelni i mam nadzieję że ten system zostanie z nami na dobre !;brak;
Anonimowa;2021-06-24;Jakoś Studiowania w PSW 2020/2021 Lato;Kobieta;4;4;4;4;4;4;3;4;4;3;4;4;4;4;4;4;4;4;4;3;3;;4;4;;4;4;4;4;4;4;3;3;3;Kobieta;Jabłonowo Pomorskie;2;stacjonarne;Pielęgniarstwo;Nie;Nie;;Brak;
Anonimowa;2021-06-24;Jakoś Studiowania w PSW 2020/2021 Lato;Kobieta;4;3;3;3;3;3;3;3;3;3;3;2;3;3;3;2;3;2;2;3;3;;3;3;;4;3;3;3;3;2;3;3;2;Kobieta;Żukowo;1;stacjonarne;Ratownictwo Medyczne;Nie;Nie;;brak uwag;
Anonimowa;2021-06-24;Jakoś Studiowania w PSW 2020/2021 Lato;Mężczyzna;4;3;3;5;5;5;3;5;5;5;3;4;5;5;5;5;5;5;5;5;5;;5;5;;5;5;5;5;5;5;5;5;3;Mężczyzna;Grudziądz;1;niestacjonarne;Ratownictwo Medyczne;Nie;Nie;;brak uwag;
Anonimowa;2021-06-24;Jakoś Studiowania w PSW 2020/2021 Lato;Mężczyzna;5;5;5;5;5;5;3;5;5;4;3;4;5;5;5;5;5;5;5;5;5;;3;5;;5;5;5;5;5;5;5;3;3;Mężczyzna;Lidzbark warmiński;1;niestacjonarne;Ratownictwo Medyczne;Nie;Nie;;brak;
Anonimowa;2021-06-24;Jakoś Studiowania w PSW 2020/2021 Lato;Kobieta;4;4;4;4;4;4;3;4;4;4;4;4;4;4;4;4;4;4;4;4;4;;4;4;;4;4;4;4;4;4;4;4;4;Kobieta;Susz;1;stacjonarne;Pielęgniarstwo;Nie;Nie;;Brak;
Anonimowa;2021-06-24;Jakoś Studiowania w PSW 2020/2021 Lato;Kobieta;3;3;3;3;3;3;3;3;3;3;3;3;3;3;3;3;3;3;3;3;3;;3;3;;3;3;3;3;3;3;3;3;3;Kobieta;Grudziądz;3;stacjonarne;Pielęgniarstwo w ramach studiów pomostowych;Nie;Nie;;brak;
Anonimowa;2021-06-24;Jakoś Studiowania w PSW 2020/2021 Lato;Kobieta;5;5;5;4;4;4;3;3;3;3;4;1;4;4;4;4;4;4;4;4;3;Płatności online za czesne;5;4;;3;4;3;4;4;4;3;3;3;Kobieta;Grudziądz;1;stacjonarne;Pielęgniarstwo;Nie;Nie;;Brak;
Anonimowa;2021-06-24;Jakoś Studiowania w PSW 2020/2021 Lato;Kobieta;4;4;4;4;4;4;3;3;3;3;4;4;4;4;4;3;4;4;4;4;4;nie mam zdania;4;4;nie mama zdania;3;3;3;4;4;4;3;3;3;Kobieta;Trąbki Wielkie;1;niestacjonarne;Pielęgniarstwo;Nie;Nie;brak;nie mam uwag;
Anonimowa;2021-06-24;Jakoś Studiowania w PSW 2020/2021 Lato;Mężczyzna;4;4;4;4;4;4;4;3;5;4;4;2;2;2;4;4;2;3;2;4;2;Więcej godzin dla studenta w celu załatwienia spraw.;4;4;Nic.;4;4;4;4;4;4;4;4;4;Mężczyzna;Gardeja;1;niestacjonarne;Ratownictwo Medyczne;Nie;Nie;Brak;Brak;
Anonimowa;2021-06-24;Jakoś Studiowania w PSW 2020/2021 Lato;Kobieta;5;5;5;5;5;5;5;5;5;5;5;5;5;5;5;5;5;5;5;5;5;;5;5;;5;5;5;5;5;5;5;5;5;Kobieta;Pączewo;1;stacjonarne;Pielęgniarstwo;Nie;Nie;;brak;
Anonimowa;2021-06-24;Jakoś Studiowania w PSW 2020/2021 Lato;Mężczyzna;5;5;5;5;5;5;3;5;5;5;5;2;5;5;5;5;5;5;4;5;4;;5;5;;4;5;5;5;5;5;3;5;3;Mężczyzna;toruń;1;niestacjonarne;Ratownictwo Medyczne;Nie;Nie;;brak;
Anonimowa;2021-06-24;Jakoś Studiowania w PSW 2020/2021 Lato;Kobieta;5;5;5;5;5;5;3;5;5;5;5;5;5;5;5;5;5;5;5;5;5;nic nie brakuje;5;5;wszystko jest w porządku;5;5;5;5;5;5;5;5;5;Kobieta;Iława;1;stacjonarne;Pielęgniarstwo;Nie;Nie;brak;brak;
Anonimowa;2021-06-24;Jakoś Studiowania w PSW 2020/2021 Lato;Mężczyzna;4;4;4;4;4;4;4;4;4;4;4;4;4;4;5;4;4;4;4;4;4;To na czym mi zależało zostało już spełnione, na razie czekam na odpowiedź po wy;4;4;Niczego mi nie brakuje, jest mnóstwo informacji na różne tematy związane z uczel;4;4;4;5;5;5;3;3;3;Mężczyzna;,,,,,,,,,,,,,,,,,,,,,,,,,,,,,,;2;niestacjonarne;Ratownictwo Medyczne;Nie;Nie;;,,,,,,,,,,,,,,,,,,,,,,,,,,,,,,,,,,,,,,,,,,,,,,,,,,,,,,,,,,,,,,,,,,,,,,,,,,,,,,,,,,,,,,,,,,,,,,,,,,,,,,,,,,,,,,,,,,,,,,,,,,,,,,,,,,,,,,,,,,,,,,,,,,,,,,,,,,,,,,,,,,,,,,,,,,,,,,,,,,,,,,,,,,,,,,,,,,,,,,,,,,,,,,,,,,,,,,,,,,,,,,,,,,,,,,,,,,,,,,,,,,,,,,,,,,,,,,,,,,,,,,,,,,,,,,,,,,,,,,,,,,,,,,,,,,,,,,,,,,,,,,,,,,,,,,,,,,,,,,,,,,,,,,,,,,,,,,,,,,,,,,,,,,,,,,,,,,,,,,,,,,,,,,,,,,,,,,,,,,,,,,,,,,,,,,,,,,,,,,,,,,,,,,,,,,,,,,,,,,,,,,,,,,,,,,,,,,,,,,,,,,,,,,,,,,,,,,,,,,,,,,,,,,,,,,,,,,,,,,,,,,,,,,,,,,,,,,,,,,,,;
Anonimowa;2021-06-24;Jakoś Studiowania w PSW 2020/2021 Lato;Kobieta;4;5;4;4;4;4;4;5;5;4;3;3;4;4;4;4;5;5;5;5;4;nie mam uwag;5;5;nie mam uwag;4;4;4;5;5;5;3;3;3;Kobieta;Kwidzyn;1;niestacjonarne;Pielęgniarstwo w ramach studiów pomostowych;Nie;Nie;;nie mam uwag;
Anonimowa;2021-06-25;Jakoś Studiowania w PSW 2020/2021 Lato;Kobieta;5;5;5;5;5;5;3;4;4;3;4;4;5;5;5;5;4;4;4;4;4;;4;4;;4;4;4;5;5;5;3;3;3;Kobieta;Stawiguda;1;niestacjonarne;Pielęgniarstwo;Nie;Nie;;brak;
Anonimowa;2021-06-24;Jakoś Studiowania w PSW 2020/2021 Lato;Mężczyzna;3;3;3;4;3;4;3;3;3;3;3;2;4;3;3;3;4;3;3;4;3;;3;3;;3;3;4;4;4;4;4;3;3;Mężczyzna;Gniew;1;niestacjonarne;Ratownictwo Medyczne;Nie;Nie;;Brak uwag;
Anonimowa;2021-06-25;Jakoś Studiowania w PSW 2020/2021 Lato;Kobieta;4;4;4;4;4;3;3;3;3;3;3;4;4;4;4;4;3;2;2;4;4;;4;4;;4;4;4;4;4;4;3;4;3;Kobieta;Iława;1;niestacjonarne;Pielęgniarstwo;Nie;Nie;;Brak;
Anonimowa;2021-06-24;Jakoś Studiowania w PSW 2020/2021 Lato;Kobieta;4;4;4;4;4;4;4;4;4;4;4;4;4;4;4;4;4;4;4;4;4;;4;4;;4;4;4;4;4;4;4;4;4;Kobieta;świecie;1;niestacjonarne;Pielęgniarstwo w ramach studiów pomostowych;Nie;Nie;;dziękuję.....nic nie mam do dodania;
Anonimowa;2021-06-24;Jakoś Studiowania w PSW 2020/2021 Lato;Kobieta;5;5;3;5;5;5;3;3;3;4;3;5;5;5;5;5;5;5;5;5;5;Niczego nie brakuje;5;5;Nic nie trzeba poprawiać;5;5;5;5;5;5;3;3;3;Kobieta;Świecie;1;niestacjonarne;Pielęgniarstwo w ramach studiów pomostowych;Nie;Nie;Brak;Brak;
Anonimowa;2021-06-24;Jakoś Studiowania w PSW 2020/2021 Lato;Mężczyzna;4;4;3;4;4;3;3;4;5;3;4;4;4;4;3;3;3;3;3;4;3;Nic;5;4;Nic;4;4;4;4;4;4;4;4;4;Mężczyzna;Prabuty;2;niestacjonarne;Ekonomia;Nie;Nie;Brak;Bral;
Anonimowa;2021-06-24;Jakoś Studiowania w PSW 2020/2021 Lato;Kobieta;5;5;5;4;5;4;3;3;3;3;3;4;4;3;3;3;5;5;5;5;5;;4;4;;3;3;3;4;4;4;3;3;3;Kobieta;Gdańsk;1;niestacjonarne;Pielęgniarstwo w ramach studiów pomostowych;Nie;Nie;;Nie mam uwag;
Anonimowa;2021-06-24;Jakoś Studiowania w PSW 2020/2021 Lato;Mężczyzna;4;4;4;4;4;2;3;2;2;2;4;2;4;4;5;4;4;3;4;4;5;;2;2;brak indywidualnych powiadomień informacje rozrzucane w wielu miejscach;4;5;5;4;5;5;3;3;3;Mężczyzna;Grudziądz;1;niestacjonarne;Pielęgniarstwo;Nie;Tak;;brak;
Anonimowa;2021-06-24;Jakoś Studiowania w PSW 2020/2021 Lato;Kobieta;4;4;3;4;4;1;3;5;5;3;4;2;4;4;3;3;5;5;4;4;4;nie wiem;3;3;nie mam zdania;4;4;4;5;5;5;3;3;3;Kobieta;Starogard Gdański;1;niestacjonarne;Pielęgniarstwo;Nie;Nie;Nie mam.;Nie mam.;
Anonimowa;2021-06-24;Jakoś Studiowania w PSW 2020/2021 Lato;Kobieta;4;4;4;4;4;4;3;4;4;3;4;2;4;4;4;4;4;4;4;4;4;;4;4;;4;4;4;4;4;4;4;4;4;Kobieta;Gruta;1;stacjonarne;Pielęgniarstwo;Nie;Nie;Rozkład zajęć nie do końca dogodny dla osób pracujących,jeżeli chodzi o godziny zajęć, szczególnie w czwartki i piątki w godzinach do południa,a niestety niektórzy wykładowcy z tego rozliczają.;brak;
Anonimowa;2021-06-24;Jakoś Studiowania w PSW 2020/2021 Lato;Kobieta;5;5;5;5;5;5;5;5;5;5;5;5;5;5;5;5;5;5;5;5;5;;5;5;;5;5;5;5;5;5;5;5;5;Kobieta;Wejherowo;1;niestacjonarne;Kosmetologia;Nie;Nie;;nie ma;
Anonimowa;2021-06-24;Jakoś Studiowania w PSW 2020/2021 Lato;Kobieta;4;4;5;5;4;4;3;3;3;5;4;4;4;4;4;4;4;4;4;4;4;Nic;4;4;Nic;4;4;4;4;4;4;4;4;4;Kobieta;Mrągowo;1;niestacjonarne;Pielęgniarstwo w ramach studiów pomostowych;Nie;Nie;Brak;Brak;
Anonimowa;2021-06-24;Jakoś Studiowania w PSW 2020/2021 Lato;Kobieta;5;5;5;5;5;5;3;4;3;3;4;4;5;4;5;5;5;5;5;5;5;Jestem ,zadowolona z pracy dziekanatu;5;5;Dla mnie strona uczelniana jest przejrzysta;5;5;5;5;5;5;5;3;3;Kobieta;Starogard Gdański;1;niestacjonarne;Pielęgniarstwo;Nie;Nie;Bez uwag;Bez uwag;
Anonimowa;2021-06-24;Jakoś Studiowania w PSW 2020/2021 Lato;Kobieta;4;4;4;4;4;2;3;3;3;3;3;2;3;4;4;4;4;5;4;5;4;;4;4;;3;3;3;4;5;5;3;3;3;Kobieta;Grudziądz;1;stacjonarne;Pielęgniarstwo;Nie;Nie;;brak uwag;
Anonimowa;2021-06-24;Jakoś Studiowania w PSW 2020/2021 Lato;Mężczyzna;5;5;5;5;5;5;5;5;5;5;5;5;5;5;5;5;5;5;5;5;5;Im;5;5;I'm;5;5;5;5;5;5;5;5;5;Mężczyzna;Kwidzyn;3;niestacjonarne;Ekonomia;Nie;Nie;Brak;Brak;
Anonimowa;2021-06-24;Jakoś Studiowania w PSW 2020/2021 Lato;Kobieta;4;4;3;4;4;4;3;3;3;3;3;4;3;4;2;3;3;3;2;2;2;;3;3;;3;3;3;3;3;3;2;3;3;Kobieta;Nie;1;niestacjonarne;Pielęgniarstwo;Nie;Nie;;Nie mam;
Anonimowa;2021-06-25;Jakoś Studiowania w PSW 2020/2021 Lato;Mężczyzna;4;3;3;4;4;3;3;4;4;3;5;4;4;3;4;4;5;5;4;5;4;-;4;4;-;3;3;3;4;4;4;3;3;3;Mężczyzna;Brodnica;1;niestacjonarne;Ratownictwo Medyczne;Nie;Nie;brak;brak;
Anonimowa;2021-06-24;Jakoś Studiowania w PSW 2020/2021 Lato;Kobieta;3;3;3;3;3;2;3;3;2;3;3;3;3;3;3;2;3;3;3;3;3;Brak;3;2;Beak;3;2;4;3;3;2;2;3;2;Kobieta;Brak;1;niestacjonarne;Ratownictwo Medyczne;Nie;Nie;Brak;Brak;
Anonimowa;2021-06-24;Jakoś Studiowania w PSW 2020/2021 Lato;Kobieta;4;4;4;5;5;4;3;3;3;3;4;5;5;5;5;4;5;5;5;5;5;Uważam ze wszystkie sprawy są załatwiane prawidlowo;4;4;Nic;4;5;5;5;5;5;3;4;3;Kobieta;Starogard gd;1;niestacjonarne;Pielęgniarstwo w ramach studiów pomostowych;Nie;Nie;Brak;Brak;
Anonimowa;2021-06-24;Jakoś Studiowania w PSW 2020/2021 Lato;Kobieta;4;4;4;4;4;4;3;3;3;3;4;4;4;4;4;4;4;4;4;4;4;a;3;4;a;4;4;4;4;5;5;3;3;3;Kobieta;Gdansk;1;niestacjonarne;Pielęgniarstwo;Nie;Nie;a;a;
Anonimowa;2021-06-25;Jakoś Studiowania w PSW 2020/2021 Lato;Mężczyzna;5;5;5;5;5;5;3;5;3;3;3;5;5;5;5;5;5;4;4;5;5;;5;5;;5;5;5;5;5;5;3;3;5;Mężczyzna;Świecie;1;niestacjonarne;Ratownictwo Medyczne;Nie;Nie;;Brak uwag;
Anonimowa;2021-06-25;Jakoś Studiowania w PSW 2020/2021 Lato;Kobieta;5;5;5;5;5;5;4;5;5;4;5;5;5;5;5;5;5;5;5;5;5;Jest przejrzysty i przystępny, nie widzę nic co należało by usprwnić.;5;5;Wszystko jest ok.;5;5;5;5;5;5;5;5;5;Kobieta;Kwidzyn;1;niestacjonarne;Ekonomia;Nie;Tak;nie mam uwag;nie mam uwag;
Anonimowa;2021-06-25;Jakoś Studiowania w PSW 2020/2021 Lato;Kobieta;4;3;3;3;4;2;3;3;3;3;4;4;4;4;4;3;4;4;4;4;4;nic;4;4;nic;4;4;4;4;4;4;4;4;4;Kobieta; KWIDZYN;1;stacjonarne;Pielęgniarstwo;Nie;Nie;nic;nie;
Anonimowa;2021-06-25;Jakoś Studiowania w PSW 2020/2021 Lato;Kobieta;5;5;4;5;5;5;5;5;5;5;5;5;4;5;5;5;5;4;5;5;4;;5;5;;5;4;5;5;5;5;5;5;5;Kobieta;Grudziądz;1;niestacjonarne;Pielęgniarstwo;Nie;Tak;;Brak;
Anonimowa;2021-06-25;Jakoś Studiowania w PSW 2020/2021 Lato;Kobieta;5;5;5;5;5;5;5;5;5;5;5;5;5;5;5;5;5;5;5;5;5;bez uwag;5;5;bez uwag;5;5;5;5;5;5;5;5;5;Kobieta;GDYNIA;1;niestacjonarne;Pielęgniarstwo;Nie;Nie;BEZ UWAG;BEZ UWAG;
Anonimowa;2021-06-25;Jakoś Studiowania w PSW 2020/2021 Lato;Mężczyzna;4;4;4;2;3;2;3;3;3;3;5;2;3;3;3;4;3;4;4;4;4;Realne terminy egzaminów,  prac semestralnych, Bun,możliwość kontaktu z wykładow;2;3;nie mam zdania;3;3;3;5;5;5;3;1;1;Mężczyzna;Nieistotne;1;stacjonarne;Pielęgniarstwo;Nie;Nie;;...;
Anonimowa;2021-06-25;Jakoś Studiowania w PSW 2020/2021 Lato;Kobieta;4;4;4;4;4;4;4;4;4;4;5;4;4;4;5;4;4;4;4;4;4;;4;4;;4;5;5;5;5;5;5;4;4;Kobieta;BRODNICA;1;niestacjonarne;Pielęgniarstwo;Tak;Tak;BRAK;BRAK;
Anonimowa;2021-06-25;Jakoś Studiowania w PSW 2020/2021 Lato;Kobieta;3;3;3;3;3;3;3;3;3;3;3;3;3;3;3;3;3;3;3;3;3;;3;3;;3;3;3;3;3;3;3;3;3;Mężczyzna;Grudziadz;3;stacjonarne;Ratownictwo Medyczne;Nie;Nie;;B;
Anonimowa;2021-06-25;Jakoś Studiowania w PSW 2020/2021 Lato;Kobieta;5;5;5;5;5;5;3;5;5;5;5;5;5;5;5;5;5;5;5;5;5;;5;5;;5;5;5;5;5;5;5;5;5;Kobieta;Elblag;3;stacjonarne;Pielęgniarstwo;Nie;Nie;;Brak;
Anonimowa;2021-06-25;Jakoś Studiowania w PSW 2020/2021 Lato;Kobieta;5;5;5;5;5;5;5;5;5;5;5;5;5;5;5;5;5;5;5;5;5;;5;5;;5;5;5;5;5;5;5;5;5;Kobieta;kwidzyn;1;niestacjonarne;Pielęgniarstwo;Nie;Nie;;wszystko dodrze;
Anonimowa;2021-06-25;Jakoś Studiowania w PSW 2020/2021 Lato;Kobieta;4;4;4;4;5;5;3;4;4;3;4;2;4;4;4;4;4;4;4;4;4;niczego;4;5;niczego;4;4;4;4;4;4;2;3;3;Kobieta;Brodnica;1;niestacjonarne;Pielęgniarstwo;Nie;Nie;nie;nie;
Anonimowa;2021-06-25;Jakoś Studiowania w PSW 2020/2021 Lato;Kobieta;4;4;4;4;4;4;4;4;4;4;4;4;4;4;4;4;5;5;5;5;5;Nic;4;4;Nic;4;4;4;4;4;4;4;4;5;Kobieta;Świecie;1;niestacjonarne;Pielęgniarstwo;Nie;Nie;;Nie mam uwag;
Anonimowa;2021-06-25;Jakoś Studiowania w PSW 2020/2021 Lato;Mężczyzna;5;5;5;5;5;5;5;5;5;5;5;5;5;5;5;5;5;5;5;5;5;brak;5;5;brak;5;5;5;5;5;5;5;5;5;Mężczyzna;Mikołajki Pomorskie;3;niestacjonarne;Ratownictwo Medyczne;Nie;Nie;brak;brak;
Anonimowa;2021-06-25;Jakoś Studiowania w PSW 2020/2021 Lato;Kobieta;5;5;5;5;5;5;5;5;5;5;5;5;5;5;5;5;5;5;5;5;5;;5;5;;5;5;5;5;5;5;5;5;5;Kobieta;BARTOSZYCE;1;niestacjonarne;Pielęgniarstwo;Nie;Nie;;BRAK;
Anonimowa;2021-06-25;Jakoś Studiowania w PSW 2020/2021 Lato;Kobieta;5;5;5;5;5;5;5;5;5;5;5;5;5;5;5;5;5;5;5;5;5;Wszystko na wysokim poziomie;5;5;;4;4;4;5;5;5;5;5;5;Kobieta;Kwidzyn;1;niestacjonarne;Pielęgniarstwo;Nie;Nie;Brak;Brak;
Anonimowa;2021-06-25;Jakoś Studiowania w PSW 2020/2021 Lato;Kobieta;5;5;5;5;5;5;3;3;3;3;3;4;5;5;5;5;5;5;5;5;5;;5;5;;5;5;5;3;3;3;5;3;3;Kobieta;Bytów;1;niestacjonarne;Pielęgniarstwo;Nie;Nie;;Brak;
Anonimowa;2021-06-25;Jakoś Studiowania w PSW 2020/2021 Lato;Mężczyzna;4;4;4;4;4;5;3;3;3;3;3;4;4;4;4;4;4;4;4;5;4;;4;4;;3;3;3;4;4;4;3;3;3;Mężczyzna;świecie;1;stacjonarne;Pielęgniarstwo;Nie;Nie;;brak;
Anonimowa;2021-06-25;Jakoś Studiowania w PSW 2020/2021 Lato;Kobieta;5;5;5;5;5;5;5;5;5;5;5;5;5;5;5;5;5;5;5;5;5;;5;5;;5;5;5;5;5;5;5;5;5;Kobieta;Wąbrzeźno;1;stacjonarne;Pielęgniarstwo;Nie;Nie;brak;brak;
Anonimowa;2021-06-25;Jakoś Studiowania w PSW 2020/2021 Lato;Mężczyzna;4;4;4;4;4;4;4;4;4;4;4;4;4;4;4;4;4;4;4;4;4;;4;4;;4;4;4;4;4;4;4;4;4;Mężczyzna;Pruszcz Gdański;1;stacjonarne;Pielęgniarstwo;Nie;Nie;Brak;Brak;
Anonimowa;2021-06-25;Jakoś Studiowania w PSW 2020/2021 Lato;Kobieta;5;5;5;5;5;5;5;5;5;5;5;5;5;5;5;5;5;5;5;5;5;;5;5;;5;5;5;5;5;5;5;5;5;Kobieta;Grudziądz;1;niestacjonarne;Pielęgniarstwo;Nie;Nie;;Brak;
Anonimowa;2021-06-25;Jakoś Studiowania w PSW 2020/2021 Lato;Kobieta;5;5;5;5;5;5;4;4;4;4;5;5;5;5;5;5;5;4;5;4;4;;5;5;;5;4;5;5;5;5;4;5;5;Kobieta;Koscierzyna;1;niestacjonarne;Pielęgniarstwo;Nie;Nie;;brak;
Anonimowa;2021-06-25;Jakoś Studiowania w PSW 2020/2021 Lato;Kobieta;4;4;4;4;4;4;4;3;3;3;4;3;4;4;3;3;4;4;4;4;4;brak uwag;3;4;brak uwag;3;3;3;4;4;4;4;4;4;Kobieta;Grudziądz;1;stacjonarne;Pielęgniarstwo;Nie;Nie;brak uwag;brak uwag;
Anonimowa;2021-06-25;Jakoś Studiowania w PSW 2020/2021 Lato;Kobieta;5;4;4;4;4;4;4;4;4;4;4;5;5;4;5;4;4;4;4;4;4;nic;3;4;nie mam uwag;4;4;4;5;5;5;4;4;4;Kobieta;Sadlinki;1;stacjonarne;Pielęgniarstwo;Tak;Nie;brak uwag;Brak uwag;
Anonimowa;2021-06-25;Jakoś Studiowania w PSW 2020/2021 Lato;Kobieta;3;5;5;5;5;4;4;4;4;5;4;4;4;5;3;5;1;4;4;4;3;Nic;5;4;;3;4;4;5;4;5;4;5;3;Kobieta;Miasto;2;niestacjonarne;Pielęgniarstwo;Nie;Nie;Brak;Brak;
Anonimowa;2021-06-25;Jakoś Studiowania w PSW 2020/2021 Lato;Kobieta;2;3;3;2;2;1;3;4;1;1;1;1;2;1;4;2;1;1;1;1;1;;1;2;;5;5;5;5;5;5;3;3;3;Kobieta;Grudziądz;2;niestacjonarne;Pielęgniarstwo;Nie;Nie;;Brak;
Anonimowa;2021-06-25;Jakoś Studiowania w PSW 2020/2021 Lato;Mężczyzna;5;5;5;5;5;5;5;5;5;5;5;5;5;5;5;5;5;5;5;5;5;;5;5;bez poprawek;5;5;5;5;5;5;5;5;5;Mężczyzna;Elbląg;1;stacjonarne;Pielęgniarstwo;Nie;Nie;Brak;Brak;
Anonimowa;2021-06-25;Jakoś Studiowania w PSW 2020/2021 Lato;Mężczyzna;3;3;3;4;4;4;3;4;3;3;2;2;5;5;4;3;1;1;1;4;4;;4;3;;4;4;4;5;5;4;3;3;3;Mężczyzna;Prabuty;1;niestacjonarne;Ratownictwo Medyczne;Nie;Nie;;Brak uwag;
Anonimowa;2021-06-25;Jakoś Studiowania w PSW 2020/2021 Lato;Kobieta;5;5;5;5;5;5;5;5;5;5;5;5;5;5;5;5;5;5;5;5;5;Niczego;5;5;Niczego;5;5;5;5;5;5;5;5;5;Kobieta;GOLUB DOBRZYN;1;niestacjonarne;Pielęgniarstwo;Nie;Nie;;Ok;
Anonimowa;2021-06-25;Jakoś Studiowania w PSW 2020/2021 Lato;Mężczyzna;5;5;5;5;4;5;3;3;3;3;3;4;5;2;2;4;4;5;4;5;5;;5;5;;4;5;5;4;5;4;3;3;3;Mężczyzna;Kwidzyn;1;niestacjonarne;Ratownictwo Medyczne;Nie;Nie;;Brak;
Anonimowa;2021-06-25;Jakoś Studiowania w PSW 2020/2021 Lato;Kobieta;5;5;5;5;5;5;5;4;4;5;5;5;5;5;5;5;5;5;5;5;5;;5;5;;5;5;5;5;5;5;5;5;5;Kobieta;Grudziądz;1;niestacjonarne;Pielęgniarstwo;Nie;Nie;Brak;Brak uwag;
Anonimowa;2021-06-25;Jakoś Studiowania w PSW 2020/2021 Lato;Kobieta;5;5;5;5;5;5;3;3;5;4;4;4;4;5;5;5;5;5;5;5;5;...;4;4;....;4;4;4;4;4;4;4;3;3;Kobieta;Gdynia;1;niestacjonarne;Pielęgniarstwo;Nie;Nie;....;.....;
Anonimowa;2021-06-25;Jakoś Studiowania w PSW 2020/2021 Lato;Kobieta;5;5;4;4;4;4;4;4;4;4;4;4;4;4;4;4;4;4;4;4;4;niczego;5;5;niczego;4;4;4;4;4;4;4;4;4;Kobieta;Olsztyn;1;stacjonarne;Pielęgniarstwo;Nie;Nie;bz;bo;
Anonimowa;2021-06-25;Jakoś Studiowania w PSW 2020/2021 Lato;Mężczyzna;3;3;3;3;3;3;3;3;3;3;3;3;3;3;3;3;3;3;3;3;3;vssd;3;3;;3;3;3;3;3;3;3;3;3;Mężczyzna;MIasto KOścierzyna;1;stacjonarne;Pielęgniarstwo;Nie;Nie;;NIE MAM;
Anonimowa;2021-06-25;Jakoś Studiowania w PSW 2020/2021 Lato;Kobieta;5;5;4;5;4;5;3;4;3;3;3;4;4;4;4;5;5;4;5;4;4;;4;4;;3;3;3;4;4;4;3;3;3;Kobieta;Świecie;1;niestacjonarne;Pielęgniarstwo w ramach studiów pomostowych;Nie;Nie;;Brak uwag;
Anonimowa;2021-06-25;Jakoś Studiowania w PSW 2020/2021 Lato;Mężczyzna;5;5;5;5;5;5;5;5;5;5;5;5;5;5;5;5;5;5;5;5;5;;5;5;;5;5;5;5;5;5;5;5;5;Mężczyzna;Lipno;1;niestacjonarne;Ratownictwo Medyczne;Nie;Nie;BRAK;BRAK;
Anonimowa;2021-06-25;Jakoś Studiowania w PSW 2020/2021 Lato;Mężczyzna;1;5;5;3;2;4;3;1;5;1;3;2;1;3;4;3;4;4;5;4;3;3;1;3;;5;5;3;2;3;4;3;3;3;Mężczyzna;3;2;stacjonarne;Pielęgniarstwo;Nie;Nie;;To bardzo nieładne zachowanie, że bez wypełnienia ankiety nie można wejść w nic innnego;
Anonimowa;2021-06-25;Jakoś Studiowania w PSW 2020/2021 Lato;Mężczyzna;5;5;5;2;5;4;3;3;3;3;2;2;5;4;1;3;3;3;3;4;4;;2;2;Ankiety wymagają częstokrotnie tej samej odpowiedzi w kilku miejscach;3;3;3;3;3;3;3;3;3;Mężczyzna;Malbork;1;niestacjonarne;Ratownictwo Medyczne;Nie;Nie;;nie powinna być obowiązkowa. na większość pytań nie mogłem odpowiedzieć inaczej niż "nie mam zdania" ponieważ nie miałem okazji widzieć pracowników poszczególnych działów przez system studiowania w czasie pandemii Covid-19;
Anonimowa;2021-06-25;Jakoś Studiowania w PSW 2020/2021 Lato;Kobieta;4;4;3;4;4;3;4;4;3;3;3;3;4;4;3;3;4;4;4;4;4;;4;4;;4;4;4;5;5;5;4;3;3;Kobieta;Gardeja;1;niestacjonarne;Ratownictwo Medyczne;Nie;Nie;;brak;
Anonimowa;2021-06-25;Jakoś Studiowania w PSW 2020/2021 Lato;Kobieta;4;4;4;4;4;3;3;3;3;3;4;2;3;4;4;4;4;4;4;4;4;;4;4;;4;4;4;4;5;5;3;3;3;Kobieta;Grudziadz;1;stacjonarne;Pielęgniarstwo;Nie;Nie;;Brak;
Anonimowa;2021-06-25;Jakoś Studiowania w PSW 2020/2021 Lato;Kobieta;5;5;5;5;5;5;5;5;5;5;5;5;5;5;5;5;5;5;5;5;5;nie mam uwag;5;5;nie mam uwag;5;5;5;5;5;5;5;5;5;Kobieta;Gniew;1;niestacjonarne;Ekonomia;Tak;Nie;brak;brak;
Anonimowa;2021-06-25;Jakoś Studiowania w PSW 2020/2021 Lato;Mężczyzna;5;4;5;4;5;5;3;2;2;2;5;5;5;5;5;5;5;5;5;5;5;;5;5;;5;5;5;5;5;5;3;3;3;Mężczyzna;Lubicz;2;niestacjonarne;Ratownictwo Medyczne;Nie;Tak;;Brak;
Anonimowa;2021-06-25;Jakoś Studiowania w PSW 2020/2021 Lato;Mężczyzna;3;3;3;3;3;3;3;3;3;3;3;3;3;3;3;3;3;3;3;3;3;;3;3;;3;3;3;3;3;3;3;3;3;Mężczyzna;Grudziądz;1;stacjonarne;Pielęgniarstwo;Nie;Nie;;brak;
Anonimowa;2021-06-25;Jakoś Studiowania w PSW 2020/2021 Lato;Mężczyzna;5;5;5;5;5;5;3;4;4;3;3;5;5;5;5;5;5;5;5;5;5;;4;5;;3;3;3;3;3;3;3;3;3;Mężczyzna;Gdańsk;1;stacjonarne;Pielęgniarstwo;Nie;Nie;;Brak;
Anonimowa;2021-06-25;Jakoś Studiowania w PSW 2020/2021 Lato;Mężczyzna;4;4;5;5;4;5;5;4;5;5;5;5;4;5;4;5;5;4;4;4;4;Nic bym nie zmienil;5;5;Czytelność strony;5;5;5;5;5;5;5;5;5;Mężczyzna;Gmina;2;niestacjonarne;Pielęgniarstwo;Nie;Nie;Brak;Brak;
Anonimowa;2021-06-25;Jakoś Studiowania w PSW 2020/2021 Lato;Kobieta;5;5;5;5;5;5;5;5;5;5;5;4;5;5;5;5;5;5;5;5;5;Wszystko działa jak powinno.;5;5;Nic;5;5;5;5;5;5;5;5;5;Kobieta;82-500 Kwidzyn;1;niestacjonarne;Pielęgniarstwo;Nie;Nie;b/u;b/u;
Anonimowa;2021-06-25;Jakoś Studiowania w PSW 2020/2021 Lato;Kobieta;5;5;3;4;4;4;3;3;4;5;3;4;4;4;5;4;5;5;5;4;4;brak;4;4;nic;4;5;4;4;4;4;5;3;3;Kobieta;Tczew;1;stacjonarne;Pielęgniarstwo;Nie;Nie;brak;brak;
Anonimowa;2021-06-25;Jakoś Studiowania w PSW 2020/2021 Lato;Kobieta;5;5;5;5;5;5;5;5;5;5;5;5;5;5;5;5;5;5;5;5;5;;5;5;;5;5;5;5;5;5;5;5;5;Kobieta;Grudziądz;1;stacjonarne;Pielęgniarstwo;Nie;Nie;;.;
Anonimowa;2021-06-25;Jakoś Studiowania w PSW 2020/2021 Lato;Kobieta;4;4;4;4;4;3;3;5;4;3;4;4;4;5;5;3;5;4;4;4;4;;4;4;;3;3;3;2;4;4;5;3;3;Kobieta;Gardeja;1;niestacjonarne;Pielęgniarstwo;Nie;Nie;;ankieta pozwala ocenić wszystkie komórki uczelni, myślę że studenci wysoko oceniają PSW;
Anonimowa;2021-06-26;Jakoś Studiowania w PSW 2020/2021 Lato;Mężczyzna;5;5;5;4;5;5;3;3;3;3;4;4;5;4;4;4;5;5;5;4;4;;4;3;;5;5;5;5;5;5;3;3;3;Mężczyzna;Prabuty;1;niestacjonarne;Ratownictwo Medyczne;Nie;Nie;;Brak uwag;
Anonimowa;2021-06-26;Jakoś Studiowania w PSW 2020/2021 Lato;Kobieta;4;4;4;4;4;4;3;3;3;1;4;4;4;4;4;4;4;5;4;5;5;;4;4;;4;4;4;4;4;4;4;4;3;Kobieta;Wejherowo;1;niestacjonarne;Pielęgniarstwo;Nie;Nie;;Brak;
Anonimowa;2021-06-26;Jakoś Studiowania w PSW 2020/2021 Lato;Kobieta;4;3;4;4;4;3;3;3;3;3;4;2;4;2;2;3;4;4;4;4;4;.;4;4;;3;3;3;5;5;5;3;3;3;Kobieta;Gdańsk;1;stacjonarne;Pielęgniarstwo;Nie;Nie;;.;
Anonimowa;2021-06-26;Jakoś Studiowania w PSW 2020/2021 Lato;Mężczyzna;4;3;4;5;5;5;3;5;4;3;5;4;4;4;4;4;4;5;4;4;4;;4;5;;4;4;4;5;5;5;3;3;3;Mężczyzna;Gdańsk;1;niestacjonarne;Ratownictwo Medyczne;Nie;Nie;;brak;
Anonimowa;2021-06-26;Jakoś Studiowania w PSW 2020/2021 Lato;Kobieta;5;5;5;5;5;5;3;5;5;5;3;5;5;3;3;5;5;5;5;5;5;;5;5;;5;5;5;5;5;5;3;3;3;Kobieta;kwidzyn;2;niestacjonarne;Ekonomia;Nie;Nie;;brak;
Anonimowa;2021-06-26;Jakoś Studiowania w PSW 2020/2021 Lato;Mężczyzna;3;3;3;3;3;3;3;3;2;4;4;3;3;2;4;3;4;4;3;3;3;;3;3;;4;4;4;4;4;4;3;3;3;Mężczyzna;Olsztyn;2;stacjonarne;Pielęgniarstwo;Nie;Nie;;ok;
Anonimowa;2021-06-26;Jakoś Studiowania w PSW 2020/2021 Lato;Mężczyzna;4;4;3;4;4;4;3;3;2;3;4;4;4;2;2;2;4;4;4;4;4;;4;4;;4;4;4;5;5;5;3;3;3;Mężczyzna;Malbork;2;niestacjonarne;Ratownictwo Medyczne;Nie;Nie;;BRAK;
Anonimowa;2021-06-26;Jakoś Studiowania w PSW 2020/2021 Lato;Kobieta;4;4;4;4;4;4;4;4;4;4;4;4;4;4;4;4;4;4;4;4;4;;4;4;;4;4;4;4;4;4;4;4;4;Kobieta;Lubawa;1;niestacjonarne;Pielęgniarstwo w ramach studiów pomostowych;Nie;Nie;;Ok;
Anonimowa;2021-06-26;Jakoś Studiowania w PSW 2020/2021 Lato;Kobieta;4;4;4;4;4;4;3;4;3;3;3;4;4;4;4;4;4;4;4;5;5;Nie mam uwag;4;4;Nie mam uwag;4;4;4;4;5;5;4;3;3;Kobieta;Pruszcz Gdański;1;niestacjonarne;Pielęgniarstwo;Nie;Nie;Nie mam uwag;Nie mam uwag;
Anonimowa;2021-06-26;Jakoś Studiowania w PSW 2020/2021 Lato;Kobieta;4;4;4;4;4;4;4;4;4;4;4;2;4;4;4;4;5;4;4;4;4;Wszystko ok;4;4;Wszystko ok;4;4;4;4;4;4;4;4;3;Kobieta;Gdańsk;1;niestacjonarne;Pielęgniarstwo w ramach studiów pomostowych;Nie;Nie;;Brak uwag;
Anonimowa;2021-06-26;Jakoś Studiowania w PSW 2020/2021 Lato;Kobieta;5;3;4;4;4;2;3;3;5;3;5;4;4;5;4;5;4;4;4;5;5;;4;4;;4;4;4;5;5;5;3;3;3;Kobieta;Bisztynek;1;stacjonarne;Pielęgniarstwo;Nie;Nie;;Brak;
Anonimowa;2021-06-26;Jakoś Studiowania w PSW 2020/2021 Lato;Mężczyzna;3;3;4;4;4;4;4;4;4;4;3;4;3;4;4;4;4;4;4;4;5;;3;4;;3;4;4;4;4;4;4;4;4;Mężczyzna;Kwidzyn;2;stacjonarne;Pielęgniarstwo;Nie;Nie;;Brak;
Anonimowa;2021-06-26;Jakoś Studiowania w PSW 2020/2021 Lato;Mężczyzna;5;5;5;5;5;5;5;5;5;5;5;5;5;5;5;5;5;5;5;5;5;;5;5;;5;5;5;5;5;5;5;5;5;Mężczyzna;Brak;1;stacjonarne;Ratownictwo Medyczne;Nie;Nie;;Brak;
Anonimowa;2021-06-26;Jakoś Studiowania w PSW 2020/2021 Lato;Mężczyzna;4;4;4;4;4;4;3;3;3;3;4;4;4;4;4;4;4;5;5;5;5;;4;4;;4;4;4;4;4;4;3;4;4;Mężczyzna;grudziądz;1;stacjonarne;Pielęgniarstwo;Nie;Nie;brak;brak;
Anonimowa;2021-06-26;Jakoś Studiowania w PSW 2020/2021 Lato;Kobieta;5;5;5;4;4;4;3;3;3;3;4;4;4;4;4;4;4;4;4;5;5;;4;4;;4;4;4;4;4;4;4;5;4;Kobieta;Starogard Gdański;1;niestacjonarne;Ekonomia;Nie;Nie;;Bez uwag;
Anonimowa;2021-06-26;Jakoś Studiowania w PSW 2020/2021 Lato;Kobieta;5;5;5;5;4;4;3;4;4;4;4;4;1;1;1;1;4;4;4;4;4;Brak bez uwag;4;4;Bez uwag;4;4;4;4;5;5;5;5;5;Kobieta;Gruta;1;stacjonarne;Pielęgniarstwo;Nie;Nie;Brak bez uwag;Brak bez uwag;
Anonimowa;2021-06-26;Jakoś Studiowania w PSW 2020/2021 Lato;Kobieta;5;5;3;5;5;3;3;3;3;3;3;3;5;5;5;5;3;3;3;5;5;Brak uwag;5;5;Brak uwag;3;3;3;5;5;5;3;3;3;Kobieta;Kartuzy;1;niestacjonarne;Ekonomia;Nie;Nie;Brak;Brak;
Anonimowa;2021-06-26;Jakoś Studiowania w PSW 2020/2021 Lato;Kobieta;5;5;5;5;5;5;5;5;5;5;4;5;5;5;4;5;4;4;4;5;5;Czasami jednej z Pań trafia się słabszy dzień, ale czasem tak bywa. Poza tym ok;5;5;Wszystko jest super;4;4;4;5;5;5;4;5;3;Kobieta;Barczewo;2;niestacjonarne;Pielęgniarstwo;Nie;Nie;Nie formułuję;Wyczerpująca;
Anonimowa;2021-06-26;Jakoś Studiowania w PSW 2020/2021 Lato;Kobieta;5;5;5;5;5;5;5;5;5;5;5;5;5;5;5;5;5;5;5;5;5;;5;5;;5;5;5;5;5;5;5;5;5;Kobieta;Lubawa;1;stacjonarne;Pielęgniarstwo;Nie;Nie;;Brak uwag;
Anonimowa;2021-06-26;Jakoś Studiowania w PSW 2020/2021 Lato;Mężczyzna;4;4;3;2;3;2;3;4;3;3;5;4;4;5;4;5;4;4;2;3;3;Należałoby odpowiadać na wiadomości wysyłane do Dziekanatu.;2;1;Duży bałagan, zbyt rozbudowane menu, za dużo wszystkiego.;3;3;3;5;5;5;3;3;3;Mężczyzna;Gdańsk;2;niestacjonarne;Ratownictwo Medyczne;Nie;Nie;Brak uwag.;Brak uwag.;
Anonimowa;2021-06-26;Jakoś Studiowania w PSW 2020/2021 Lato;Kobieta;4;4;4;4;4;4;3;3;3;3;3;4;5;4;3;3;4;4;4;5;4;-;4;4;-;4;4;4;4;4;4;4;4;4;Kobieta;-;1;stacjonarne;Pielęgniarstwo;Nie;Nie;-;-;
Anonimowa;2021-06-27;Jakoś Studiowania w PSW 2020/2021 Lato;Mężczyzna;5;5;5;5;5;5;5;5;5;5;5;5;5;5;5;5;5;5;5;5;5;wszystko jest ok.;5;5;wszystko jest ok.;5;5;5;5;5;5;5;5;5;Mężczyzna;Włocławek;3;niestacjonarne;Ratownictwo Medyczne;Tak;Nie;brak;brak;
Anonimowa;2021-06-27;Jakoś Studiowania w PSW 2020/2021 Lato;Kobieta;5;5;5;5;5;5;5;5;5;5;5;5;5;5;5;5;5;5;5;5;5;Wszystko Ok;5;5;Wszystko Ok;5;5;5;5;5;5;5;5;5;Kobieta;Grudziadz;1;niestacjonarne;Pielęgniarstwo;Nie;Nie;Brak;Brak;
Anonimowa;2021-06-27;Jakoś Studiowania w PSW 2020/2021 Lato;Kobieta;4;2;2;3;3;2;3;3;3;3;3;2;4;4;2;3;2;2;2;4;2;;4;3;;4;2;2;4;4;4;3;3;3;Kobieta;Zukowo;1;stacjonarne;Pielęgniarstwo;Nie;Nie;;  ;
Anonimowa;2021-06-27;Jakoś Studiowania w PSW 2020/2021 Lato;Mężczyzna;4;4;4;4;4;4;4;4;4;4;4;4;4;4;4;4;4;4;4;4;4;nic;4;4;nic;4;4;4;4;4;4;4;4;4;Mężczyzna;nic;2;stacjonarne;Pielęgniarstwo;Nie;Nie;brak;brak;
Anonimowa;2021-06-27;Jakoś Studiowania w PSW 2020/2021 Lato;Kobieta;5;5;5;5;5;5;5;5;5;5;5;5;5;5;5;5;5;5;5;5;5;niczego;5;5;nic;5;5;5;5;5;5;5;5;5;Kobieta;Iława;1;stacjonarne;Pielęgniarstwo;Nie;Nie;brak;brak;
Anonimowa;2021-06-27;Jakoś Studiowania w PSW 2020/2021 Lato;Mężczyzna;5;5;5;5;5;5;5;5;5;1;5;5;5;5;5;5;5;5;5;5;5;Więcej promocji;5;5;Więcej promocji;5;5;5;5;5;5;5;5;5;Mężczyzna;Gniee;1;niestacjonarne;Ekonomia;Nie;Nie;Brak;Brak;
Anonimowa;2021-06-27;Jakoś Studiowania w PSW 2020/2021 Lato;Kobieta;5;5;5;5;5;5;3;5;5;5;5;4;5;5;5;5;5;5;5;5;5;bez uwag;5;5;bez uwag;5;5;5;5;5;5;3;5;5;Kobieta;Gdynia;1;niestacjonarne;Pielęgniarstwo w ramach studiów pomostowych;Nie;Nie;;Bez uwag;
Anonimowa;2021-06-27;Jakoś Studiowania w PSW 2020/2021 Lato;Mężczyzna;4;3;3;2;4;5;3;3;4;4;5;4;4;5;4;4;3;2;3;4;3;uzupelnianie;5;4;Na telefonie(android) trudno poruszac sie po stronie WWW;4;4;4;4;4;4;3;3;3;Mężczyzna;Iława;1;stacjonarne;Pielęgniarstwo;Nie;Nie;.;.;
Anonimowa;2021-06-27;Jakoś Studiowania w PSW 2020/2021 Lato;Mężczyzna;5;4;4;4;4;4;4;4;4;4;4;4;4;4;4;4;4;4;4;4;4;;4;4;;4;4;4;4;4;4;4;4;4;Mężczyzna;PRABUTY;1;stacjonarne;Pielęgniarstwo;Nie;Nie;BRAK;BARDZO DOBRY POMYSŁ;
Anonimowa;2021-06-27;Jakoś Studiowania w PSW 2020/2021 Lato;Kobieta;4;4;4;4;4;5;3;3;3;4;4;4;4;4;4;4;4;4;4;4;4;;4;4;;4;4;4;4;4;4;3;3;3;Kobieta;Olsztyn;2;stacjonarne;Pielęgniarstwo;Nie;Nie;;Brak;
Anonimowa;2021-06-27;Jakoś Studiowania w PSW 2020/2021 Lato;Kobieta;5;5;5;5;5;5;5;5;5;5;5;5;5;5;5;5;5;5;5;5;5;Nic;5;5;Nic;5;5;5;5;5;5;5;5;5;Kobieta;Gdynia;1;niestacjonarne;Ratownictwo Medyczne;Nie;Nie;brak;brak;
Anonimowa;2021-06-27;Jakoś Studiowania w PSW 2020/2021 Lato;Mężczyzna;4;4;4;4;4;4;4;4;4;4;4;4;4;4;4;4;4;4;4;4;4;;4;4;;4;4;4;4;4;4;4;4;4;Mężczyzna;Mrągowo;1;niestacjonarne;Ratownictwo Medyczne;Nie;Nie;;Brak;
Anonimowa;2021-06-27;Jakoś Studiowania w PSW 2020/2021 Lato;Mężczyzna;3;3;3;3;3;3;3;3;3;3;3;3;3;3;3;3;3;3;3;3;3;;3;3;;3;3;3;5;5;5;3;3;3;Mężczyzna;Wamińsko-Mazurskie;1;niestacjonarne;Ratownictwo Medyczne;Nie;Nie;;.;
Anonimowa;2021-06-27;Jakoś Studiowania w PSW 2020/2021 Lato;Kobieta;5;5;5;5;5;5;5;5;5;5;5;5;5;5;5;5;5;5;5;5;5;;5;5;;4;5;5;5;5;5;5;5;5;Kobieta;Sadlinki;1;niestacjonarne;Pielęgniarstwo;Nie;Nie;;Brak;
Anonimowa;2021-06-27;Jakoś Studiowania w PSW 2020/2021 Lato;Kobieta;5;5;5;5;5;5;3;5;5;5;5;4;5;5;4;5;4;4;3;5;4;;5;5;;5;5;5;5;5;5;5;5;5;Kobieta;Starogard Gdański;1;stacjonarne;Pielęgniarstwo;Nie;Nie;brak;brak;
Anonimowa;2021-06-28;Jakoś Studiowania w PSW 2020/2021 Lato;Mężczyzna;4;5;5;5;5;5;5;4;4;4;4;5;5;5;5;5;5;5;5;5;5;;5;5;;5;4;5;5;5;5;4;4;4;Mężczyzna;Miasto;2;niestacjonarne;Ratownictwo Medyczne;Nie;Nie;;Wszystko ok;
Anonimowa;2021-06-28;Jakoś Studiowania w PSW 2020/2021 Lato;Kobieta;4;4;4;4;4;4;3;4;4;4;4;4;5;4;4;4;5;5;5;4;4;niczego;4;4;NIE MAM ZDANIA;4;4;4;4;4;4;3;3;3;Kobieta;Starogard Gdański;1;niestacjonarne;Pielęgniarstwo;Nie;Nie;;brak uwag;
Anonimowa;2021-06-28;Jakoś Studiowania w PSW 2020/2021 Lato;Kobieta;5;5;5;5;5;5;5;5;5;5;5;5;5;5;4;5;4;4;4;5;5;;5;4;;5;5;5;5;5;5;5;5;5;Kobieta;Tczew;1;niestacjonarne;Pielęgniarstwo;Nie;Nie;;Brak uwag;
Anonimowa;2021-06-28;Jakoś Studiowania w PSW 2020/2021 Lato;Kobieta;5;5;5;5;5;5;3;5;5;5;4;5;5;4;5;5;5;5;5;5;5;;5;5;;5;5;5;5;5;5;3;5;3;Kobieta;GARDEJA, GM.GARDEJA;1;niestacjonarne;Ekonomia;Nie;Tak;;BRAK UWAG;
Anonimowa;2021-06-28;Jakoś Studiowania w PSW 2020/2021 Lato;Mężczyzna;4;4;4;4;4;4;4;4;4;4;4;4;4;4;4;4;4;4;4;4;4;;4;4;;4;4;4;1;4;4;4;4;4;Mężczyzna;Stawiguda;1;stacjonarne;Pielęgniarstwo;Nie;Nie;;Brak;
Anonimowa;2021-06-28;Jakoś Studiowania w PSW 2020/2021 Lato;Kobieta;5;5;5;5;5;5;3;3;3;5;5;4;5;5;5;5;5;5;5;5;5;;5;5;;5;5;5;5;5;5;5;5;5;Kobieta;Łubiana;1;niestacjonarne;Pielęgniarstwo w ramach studiów pomostowych;Nie;Nie;Brak;Brak;
Anonimowa;2021-06-28;Jakoś Studiowania w PSW 2020/2021 Lato;Kobieta;4;4;4;4;4;4;4;4;4;4;5;4;4;4;4;4;4;4;4;4;4;Informacje.;4;4;Informacje;4;4;4;3;3;3;3;3;3;Kobieta;Kwidzyn;3;niestacjonarne;Pielęgniarstwo;Nie;Nie;Brak;Brak;
Anonimowa;2021-06-28;Jakoś Studiowania w PSW 2020/2021 Lato;Mężczyzna;4;3;3;4;4;4;4;4;4;4;4;4;4;4;4;4;4;5;5;4;4;Jest dobrze.;4;4;Jest dobrze.;4;4;4;5;5;5;4;4;4;Mężczyzna;Grudziądz;2;stacjonarne;Pielęgniarstwo;Nie;Nie;;Brak;
Anonimowa;2021-06-28;Jakoś Studiowania w PSW 2020/2021 Lato;Kobieta;5;5;3;5;5;5;5;3;5;5;5;5;5;5;5;5;5;5;5;5;5;Bez zastrzeżeń;5;5;;3;3;5;5;5;5;3;3;3;Kobieta;OLsztyn;1;niestacjonarne;Pielęgniarstwo;Nie;Nie;;Brak;
Anonimowa;2021-06-28;Jakoś Studiowania w PSW 2020/2021 Lato;Kobieta;4;4;4;4;4;3;3;3;3;4;4;4;4;4;4;4;4;4;4;4;4;niczego;4;4;niczego;4;4;4;4;4;4;3;4;3;Kobieta;Gdańsk;1;niestacjonarne;Pielęgniarstwo;Nie;Nie;brak;brak;
Anonimowa;2021-06-28;Jakoś Studiowania w PSW 2020/2021 Lato;Kobieta;4;4;4;4;4;4;4;4;4;4;4;4;4;4;4;4;4;4;4;4;4;Niczego;4;5;Niczego;4;4;4;4;4;4;4;4;4;Kobieta;Grudziądz;2;stacjonarne;Pielęgniarstwo;Nie;Nie;Brak;Brak;
Anonimowa;2021-06-28;Jakoś Studiowania w PSW 2020/2021 Lato;Kobieta;5;5;5;5;5;5;5;5;5;5;5;5;5;5;5;5;5;5;5;5;5;;5;5;;5;5;5;5;5;5;5;5;5;Kobieta;poznań;1;stacjonarne;Pielęgniarstwo;Nie;Nie;;brak;
Anonimowa;2021-06-28;Jakoś Studiowania w PSW 2020/2021 Lato;Kobieta;4;4;4;4;5;4;4;4;4;4;4;4;4;4;4;4;4;4;4;4;4;;4;4;;4;4;4;4;4;4;4;4;4;Kobieta;kwidzyn;1;niestacjonarne;Ekonomia;Nie;Nie;;brak uwag;
Anonimowa;2021-06-28;Jakoś Studiowania w PSW 2020/2021 Lato;Kobieta;5;5;5;5;5;5;5;5;5;5;5;5;5;5;5;5;5;5;5;5;5;;5;5;;5;5;5;5;5;5;5;5;5;Kobieta;Grudziądz;1;niestacjonarne;Pielęgniarstwo;Nie;Nie;;Nic;
Anonimowa;2021-06-29;Jakoś Studiowania w PSW 2020/2021 Lato;Kobieta;5;4;3;4;4;4;5;4;4;4;4;5;4;4;4;5;3;3;2;4;4;;4;5;;4;5;4;5;4;4;5;4;4;Kobieta;Kwidzyn;2;stacjonarne;Pielęgniarstwo;Nie;Tak;;Ok;
Anonimowa;2021-06-29;Jakoś Studiowania w PSW 2020/2021 Lato;Mężczyzna;5;5;5;5;5;3;3;3;3;3;3;5;5;5;3;5;5;5;5;5;5;;3;5;;3;3;3;3;3;3;3;3;3;Mężczyzna;Warszawa;1;niestacjonarne;Kosmetologia;Nie;Nie;;brak;
Anonimowa;2021-06-29;Jakoś Studiowania w PSW 2020/2021 Lato;Kobieta;5;5;5;5;5;5;5;5;5;5;5;5;5;5;5;5;5;5;5;5;5;;5;5;;5;5;5;5;5;5;5;5;5;Kobieta;Brak;1;stacjonarne;Pielęgniarstwo;Nie;Nie;;Brak;
Anonimowa;2021-06-29;Jakoś Studiowania w PSW 2020/2021 Lato;Kobieta;4;3;4;3;3;3;3;3;3;3;3;2;3;3;3;3;3;3;3;4;3;;3;3;;3;3;3;3;3;3;3;3;3;Kobieta;Gdańsk;1;stacjonarne;Pielęgniarstwo;Nie;Nie;;Na większość pytań odpowiedzią jest "nie mam zdania", ponieważ mnie nie dotyczą;
Anonimowa;2021-06-29;Jakoś Studiowania w PSW 2020/2021 Lato;Kobieta;4;4;4;4;4;2;4;4;4;4;4;4;4;4;4;4;4;4;4;4;4;;4;4;;4;4;4;4;4;4;4;4;4;Kobieta;IŁAWA;2;stacjonarne;Pielęgniarstwo;Nie;Nie;;Brak uwag;
Anonimowa;2021-06-29;Jakoś Studiowania w PSW 2020/2021 Lato;Kobieta;3;3;2;2;3;3;3;3;3;3;3;3;3;3;3;3;4;3;3;4;4;;3;3;;3;3;4;5;5;3;3;3;3;Kobieta;Rumia;2;stacjonarne;Pielęgniarstwo;Nie;Nie;;brak;
Anonimowa;2021-06-29;Jakoś Studiowania w PSW 2020/2021 Lato;Kobieta;5;5;3;5;5;5;3;3;3;3;3;4;4;4;4;4;5;5;5;5;5;;5;5;Nie mam uwag;5;5;5;5;5;5;4;4;3;Kobieta;Tczew;1;niestacjonarne;Pielęgniarstwo;Nie;Nie;Nie mam uwag.;Nie mam uwag.;
Anonimowa;2021-06-29;Jakoś Studiowania w PSW 2020/2021 Lato;Kobieta;5;5;5;5;5;5;5;5;5;5;5;5;5;5;5;5;5;5;5;5;5;;5;5;;5;5;5;5;5;5;5;5;5;Kobieta;Jamielnik  ;1;niestacjonarne;Pielęgniarstwo;Nie;Nie;;brak;
Anonimowa;2021-06-29;Jakoś Studiowania w PSW 2020/2021 Lato;Kobieta;5;5;5;5;5;5;5;5;5;5;5;5;5;5;5;5;5;5;5;5;5;;5;5;;5;5;5;5;5;5;5;5;5;Kobieta;Starogard Gdański;1;niestacjonarne;Pielęgniarstwo;Nie;Nie;;brak;
Anonimowa;2021-06-29;Jakoś Studiowania w PSW 2020/2021 Lato;Kobieta;5;5;5;5;5;5;5;5;5;5;5;5;5;5;5;5;5;5;4;5;5;;5;5;;5;5;5;5;5;5;5;5;5;Kobieta;Kościerzyna;2;stacjonarne;Pielęgniarstwo;Nie;Nie;;Brak;
Anonimowa;2021-06-29;Jakoś Studiowania w PSW 2020/2021 Lato;Kobieta;5;5;5;5;5;5;5;5;5;5;4;4;4;4;5;4;5;5;4;5;5;;5;4;;5;5;5;5;4;4;5;5;5;Kobieta;Kwidzyn;1;niestacjonarne;Ekonomia;Nie;Nie;;Ok;
Anonimowa;2021-06-29;Jakoś Studiowania w PSW 2020/2021 Lato;Kobieta;4;4;4;4;4;4;4;4;4;4;4;4;4;4;4;4;4;4;4;4;4;;4;4;;4;4;4;4;4;4;4;4;4;Kobieta;gmina chełmno;1;niestacjonarne;Pielęgniarstwo;Nie;Nie;;brak uwag;
Anonimowa;2021-06-29;Jakoś Studiowania w PSW 2020/2021 Lato;Mężczyzna;4;4;4;4;4;4;3;3;4;3;4;4;4;4;4;4;4;4;4;5;5;jest okey.;2;3;Plan zajęć powinien być w wirtualnym dziekanacie w zakładce PLAN ZAJĘĆ.;4;4;4;4;4;4;4;4;4;Mężczyzna;PISZ;1;stacjonarne;Pielęgniarstwo;Nie;Nie;brakdsff;braksdfsf;
Anonimowa;2021-06-29;Jakoś Studiowania w PSW 2020/2021 Lato;Kobieta;5;5;5;5;4;4;3;4;5;3;5;3;4;5;5;4;5;5;5;5;5;trudno powiedzieć.;5;5;trudno powiedzieć;5;5;5;5;5;5;3;3;3;Kobieta;Sadlinki;1;stacjonarne;Pielęgniarstwo;Nie;Nie;brak;brak;
Anonimowa;2021-06-30;Jakoś Studiowania w PSW 2020/2021 Lato;Mężczyzna;5;5;5;5;5;5;5;5;5;5;5;5;5;5;5;5;5;5;5;5;5;;5;5;;5;5;5;5;5;5;5;5;5;Mężczyzna;Olsztyn;2;stacjonarne;Pielęgniarstwo;Nie;Nie;;Brak;
Anonimowa;2021-06-30;Jakoś Studiowania w PSW 2020/2021 Lato;Mężczyzna;5;5;5;5;5;5;5;5;5;5;5;5;5;5;5;5;5;5;5;5;5;;5;5;;5;5;5;5;5;5;5;5;5;Mężczyzna;Bydgoszcz;1;niestacjonarne;Ratownictwo Medyczne;Nie;Nie;;Brak;
Anonimowa;2021-06-30;Jakoś Studiowania w PSW 2020/2021 Lato;Mężczyzna;4;4;4;4;4;4;4;4;4;4;4;4;4;4;4;4;3;3;3;3;3;;4;3;;3;3;3;3;3;3;3;3;3;Mężczyzna;...;2;stacjonarne;Pielęgniarstwo;Nie;Nie;;...;
Anonimowa;2021-06-30;Jakoś Studiowania w PSW 2020/2021 Lato;Kobieta;4;5;3;3;3;3;3;3;3;3;3;3;3;3;3;3;3;5;3;3;3;;4;4;;4;4;3;3;3;3;3;3;3;Kobieta;Olsztyn;2;stacjonarne;Pielęgniarstwo;Nie;Nie;;Za dluga;
Anonimowa;2021-06-30;Jakoś Studiowania w PSW 2020/2021 Lato;Kobieta;3;3;3;3;3;4;3;3;3;3;3;3;4;4;4;3;4;4;4;4;4;;4;4;;3;3;3;3;3;3;3;3;3;Kobieta;Gm. Krokowa;1;niestacjonarne;Ekonomia;Nie;Nie;;W ankiecie nie został ujęty mój kierunek studiów zarządzanie oświatą dlatego zaznaczonym ekonomii w okienko było wymagane do zaznaczenia;
Anonimowa;2021-06-30;Jakoś Studiowania w PSW 2020/2021 Lato;Kobieta;4;4;4;4;4;4;4;4;4;4;4;4;4;4;3;4;4;4;4;4;4;;4;4;Brak;4;4;4;4;4;4;4;4;4;Kobieta;Brak;2;stacjonarne;Pielęgniarstwo;Nie;Nie;;Brak;
Anonimowa;2021-06-30;Jakoś Studiowania w PSW 2020/2021 Lato;Kobieta;5;5;5;5;5;5;5;5;5;5;5;5;5;5;5;5;5;5;5;5;5;Moim, zadaniem nie brakuje niczego;5;5;Moim zadaniem nie brakuje niczego;5;5;5;5;5;5;5;5;5;Kobieta;Prabuty;2;niestacjonarne;Ekonomia;Nie;Nie;;Nie mam uwag;
Anonimowa;2021-06-30;Jakoś Studiowania w PSW 2020/2021 Lato;Kobieta;3;3;3;3;3;3;3;3;3;3;3;3;3;3;3;3;3;3;3;3;3;;3;3;;3;3;3;3;3;3;3;3;3;Kobieta;Grudziądz;1;stacjonarne;Pielęgniarstwo;Nie;Nie;;brak;
Anonimowa;2021-06-30;Jakoś Studiowania w PSW 2020/2021 Lato;Kobieta;5;5;5;5;5;5;5;5;5;5;5;5;5;5;5;5;5;5;5;5;5;brak uwag;5;5;;5;5;5;5;5;5;5;5;5;Kobieta;Starogard;1;stacjonarne;Pielęgniarstwo;Nie;Nie;brak;brak;
Anonimowa;2021-06-30;Jakoś Studiowania w PSW 2020/2021 Lato;Kobieta;4;4;4;4;4;4;3;3;3;3;3;4;4;4;5;5;5;5;5;5;5;;4;4;;3;3;3;3;3;3;3;3;3;Kobieta;Kościerzyna;1;niestacjonarne;Pielęgniarstwo;Nie;Nie;;nie mam;
Anonimowa;2021-06-30;Jakoś Studiowania w PSW 2020/2021 Lato;Mężczyzna;4;4;3;4;4;4;4;4;3;3;3;5;4;3;4;3;4;5;4;4;4;Nic;4;3;;3;4;4;4;3;4;5;4;4;Mężczyzna;Jedwabno;1;niestacjonarne;Ratownictwo Medyczne;Nie;Nie;Brak;Brak;
Anonimowa;2021-06-30;Jakoś Studiowania w PSW 2020/2021 Lato;Kobieta;4;4;4;4;5;4;4;4;4;1;4;4;4;4;4;3;4;4;4;4;3;;3;3;;3;3;3;3;3;3;3;3;3;Kobieta;Chełmno;1;niestacjonarne;Pielęgniarstwo;Nie;Nie;Brak;Brak;
Anonimowa;2021-07-01;Jakoś Studiowania w PSW 2020/2021 Lato;Kobieta;5;5;5;5;5;5;5;5;5;5;5;5;5;5;5;5;5;5;5;5;5;;5;5;;5;5;5;5;5;5;5;5;5;Kobieta;SKÓRCZ;1;stacjonarne;Pielęgniarstwo;Nie;Nie;;Brak;
Anonimowa;2021-07-01;Jakoś Studiowania w PSW 2020/2021 Lato;Mężczyzna;5;5;5;5;5;5;5;5;5;5;5;5;5;5;5;5;5;5;5;5;5;;5;5;;5;5;5;5;4;3;5;5;4;Mężczyzna;Olsztyn;1;niestacjonarne;Ratownictwo Medyczne;Nie;Nie;;Brak;
Anonimowa;2021-07-01;Jakoś Studiowania w PSW 2020/2021 Lato;Kobieta;4;4;4;4;4;4;3;3;2;4;4;4;4;4;5;3;3;3;3;3;4;Nie mam zastrzeżeń.;4;4;Nie mam zastrzeżeń.;4;4;3;5;5;5;4;3;3;Kobieta;Grudziądz;1;stacjonarne;Pielęgniarstwo;Nie;Tak;-;Brakuje I roku studiów mgr w w/w wypełnionej ankiecie.;
Anonimowa;2021-07-01;Jakoś Studiowania w PSW 2020/2021 Lato;Kobieta;4;4;4;4;4;4;3;3;3;3;3;4;4;4;4;4;4;4;4;4;5;;4;4;;3;3;3;3;3;3;3;3;3;Kobieta;Iława;1;niestacjonarne;Pielęgniarstwo w ramach studiów pomostowych;Nie;Nie;;większość pytań jest nieadekwatna z powodu kształcenia online spowodowanego pandemią;
Anonimowa;2021-07-01;Jakoś Studiowania w PSW 2020/2021 Lato;Kobieta;3;3;3;3;3;3;3;3;3;3;3;3;3;3;3;3;3;3;3;3;3;Nic;3;3;Nic;3;3;3;3;3;3;3;3;3;Kobieta;Puck;1;niestacjonarne;Ekonomia;Nie;Nie;;Błędny kierunek studiow;
Anonimowa;2021-07-01;Jakoś Studiowania w PSW 2020/2021 Lato;Kobieta;5;3;3;5;5;5;3;3;3;3;3;4;5;5;5;5;5;5;5;5;5;brak;5;5;brak;3;3;3;5;5;5;3;3;3;Kobieta;Grudziądz;1;stacjonarne;Pielęgniarstwo;Nie;Nie;brak;brak;
Anonimowa;2021-07-02;Jakoś Studiowania w PSW 2020/2021 Lato;Mężczyzna;5;5;5;5;5;5;5;5;5;5;5;5;5;5;5;5;5;5;5;5;5;Wszystko ok;5;5;Wszystko ok;5;5;5;5;5;5;5;5;5;Mężczyzna;Szczytno;2;stacjonarne;Pielęgniarstwo;Nie;Nie;;Wszystko ok;
Anonimowa;2021-07-02;Jakoś Studiowania w PSW 2020/2021 Lato;Kobieta;4;4;4;4;5;5;3;3;3;3;3;4;4;4;4;4;4;5;5;5;5;brak;4;4;brak;4;5;5;5;5;5;3;3;3;Kobieta;Gdańsk;1;niestacjonarne;Pielęgniarstwo;Nie;Nie;brak;brak;
Anonimowa;2021-07-02;Jakoś Studiowania w PSW 2020/2021 Lato;Mężczyzna;5;5;5;5;5;5;5;5;5;5;5;5;5;5;5;5;5;5;5;5;5;Wszystko jest.;5;5;Wszystko jest.;5;5;5;5;5;5;5;5;5;Mężczyzna;Wejherowo;1;niestacjonarne;Ekonomia;Nie;Nie;brak;za długie;
Anonimowa;2021-07-03;Jakoś Studiowania w PSW 2020/2021 Lato;Mężczyzna;4;5;3;5;5;3;3;3;3;3;5;2;4;5;5;5;5;4;5;5;5;;5;5;;5;3;3;3;3;3;3;2;3;Mężczyzna;Grudziądz;1;niestacjonarne;Pielęgniarstwo;Nie;Nie;Brak;Brak;
Anonimowa;2021-07-03;Jakoś Studiowania w PSW 2020/2021 Lato;Mężczyzna;4;4;4;5;4;4;4;4;4;4;4;4;4;4;4;4;4;4;4;4;4;Wszystko jest ok.;5;4;Nic;4;4;4;4;4;4;4;4;4;Mężczyzna;Nidzica;1;niestacjonarne;Ratownictwo Medyczne;Nie;Nie;;Brak;
Anonimowa;2021-07-03;Jakoś Studiowania w PSW 2020/2021 Lato;Kobieta;4;3;3;4;3;3;3;3;3;3;3;3;3;3;3;3;4;3;3;3;3;Nic;2;2;Ważne treści na górze strony.archiwizacja starych informacji.;3;3;3;3;3;5;3;3;3;Kobieta;Grudziądz;1;stacjonarne;Pielęgniarstwo;Nie;Nie;Brak;Brak;
Anonimowa;2021-07-04;Jakoś Studiowania w PSW 2020/2021 Lato;Kobieta;4;4;3;5;5;3;3;4;3;3;3;3;4;4;3;3;5;5;5;5;5;;5;5;;5;5;5;5;5;5;3;3;3;Kobieta;Prabuty;1;niestacjonarne;Ekonomia;Nie;Nie;;Ok;
Anonimowa;2021-07-04;Jakoś Studiowania w PSW 2020/2021 Lato;Mężczyzna;5;5;5;5;5;5;5;5;5;5;5;5;5;5;5;5;5;5;5;5;5;;5;5;;5;5;5;5;5;5;5;5;5;Mężczyzna;Osieczna;1;stacjonarne;Pielęgniarstwo;Nie;Nie;Brak;Brak;
Anonimowa;2021-07-04;Jakoś Studiowania w PSW 2020/2021 Lato;Mężczyzna;3;3;3;4;4;3;3;3;3;4;3;4;4;2;2;2;5;4;5;4;3;nie mam zdania;3;4;;3;4;4;4;4;5;3;3;3;Mężczyzna;Gdynia;2;stacjonarne;Pielęgniarstwo;Nie;Nie;;brak;
Anonimowa;2021-07-04;Jakoś Studiowania w PSW 2020/2021 Lato;Kobieta;4;4;4;4;4;3;3;4;3;3;4;4;4;4;3;4;4;4;4;3;4;nie mam uwag;4;4;nie mam uwag;4;4;4;4;4;4;3;3;3;Kobieta;Wejherowo;1;niestacjonarne;Pielęgniarstwo;Nie;Nie;Nie mam uwag;niemam uwag;
Anonimowa;2021-07-05;Jakoś Studiowania w PSW 2020/2021 Lato;Kobieta;4;4;3;3;3;3;3;4;3;3;3;3;3;3;3;3;4;3;3;3;3;;3;3;;3;3;3;3;4;4;3;3;3;Kobieta;Kwidzyn;1;niestacjonarne;Ekonomia;Nie;Nie;;Brak;
Anonimowa;2021-07-05;Jakoś Studiowania w PSW 2020/2021 Lato;Kobieta;3;3;3;3;3;3;3;3;3;3;3;3;3;3;3;3;3;3;3;3;3;nie mam;3;3;;3;3;3;3;3;3;3;3;3;Kobieta;nie;1;niestacjonarne;Ekonomia;Nie;Nie;nie;nie;
Anonimowa;2021-07-06;Jakoś Studiowania w PSW 2020/2021 Lato;Kobieta;4;4;4;4;4;4;4;4;4;4;4;4;4;4;4;4;4;4;4;4;4;Brak;4;4;Brak;4;4;4;4;4;4;3;3;3;Kobieta;Prabuty;1;niestacjonarne;Ekonomia;Nie;Nie;;Brak;
Anonimowa;2021-07-06;Jakoś Studiowania w PSW 2020/2021 Lato;Mężczyzna;5;5;5;5;5;5;5;5;5;5;5;5;5;5;5;5;5;5;5;5;5;;5;5;;5;5;5;5;5;5;5;5;5;Mężczyzna;Prabuty;1;niestacjonarne;Ratownictwo Medyczne;Nie;Nie;;Brak;
Anonimowa;2021-07-06;Jakoś Studiowania w PSW 2020/2021 Lato;Mężczyzna;5;5;5;5;5;5;5;5;5;5;5;5;5;5;5;5;5;5;3;5;5;...;5;5;...;5;5;5;5;5;5;3;3;3;Mężczyzna;Gdańsk;1;niestacjonarne;Ratownictwo Medyczne;Nie;Nie;Brak;Brak;
Anonimowa;2021-07-08;Jakoś Studiowania w PSW 2020/2021 Lato;Kobieta;5;5;5;5;5;3;3;3;3;3;3;5;5;5;5;5;5;5;5;5;5;-;5;5;-;5;5;5;5;5;5;3;3;3;Kobieta;-;1;niestacjonarne;Ekonomia;Nie;Nie;Brak;Brak;
Anonimowa;2021-07-09;Jakoś Studiowania w PSW 2020/2021 Lato;Kobieta;4;4;4;4;3;3;3;3;3;3;3;4;4;4;3;4;4;4;4;4;4;E-dziekanat to bardzo wygodna opcja kontatktu z uczelnią.;4;4;Strona wykonana jest prawidłowo;4;4;4;4;4;4;3;3;3;Kobieta;Kwidzyn;1;niestacjonarne;Ratownictwo Medyczne;Nie;Nie;Temat studiów ciekawey, niestety forma Online jest bardzo niekomfortowa. Materiały przygotowane dobrze.;Brak mojego kierunku studiów.  Studia podyplomowe - Przygotowanie psychologiczno – pedagogiczne i dydaktyczne;
Anonimowa;2021-07-09;Jakoś Studiowania w PSW 2020/2021 Lato;Kobieta;4;4;4;4;4;4;3;3;3;3;4;3;3;3;4;4;4;4;4;4;4;nic;4;4;klarownosci;4;4;3;3;3;3;3;3;3;Kobieta;gdansk;2;niestacjonarne;Pielęgniarstwo;Nie;Nie;brak;rak;
Anonimowa;2021-07-09;Jakoś Studiowania w PSW 2020/2021 Lato;Kobieta;5;5;5;5;5;5;5;4;4;5;4;5;4;5;5;5;4;4;5;5;5;;5;5;;5;5;5;4;4;4;4;5;4;Kobieta;Łasin;1;niestacjonarne;Pielęgniarstwo;Nie;Nie;;brak;
Anonimowa;2021-07-08;Jakoś Studiowania w PSW 2020/2021 Lato;Kobieta;4;4;4;4;4;4;4;4;4;4;4;4;4;4;4;4;4;4;3;4;4;;4;4;;4;3;3;5;5;5;3;3;3;Kobieta;Wąbrzeźno;1;niestacjonarne;Pielęgniarstwo;Nie;Nie;BRAK;BRAK;
Anonimowa;2021-07-09;Jakoś Studiowania w PSW 2020/2021 Lato;Mężczyzna;4;4;4;4;4;4;4;4;4;4;4;4;4;4;4;4;4;4;4;4;4;latwiejszy dostep do konataktu wizualnego;4;4;nie mam poyslu ale jak bede mial dam znac;4;4;4;4;4;4;4;4;4;Mężczyzna;grudziadz;1;niestacjonarne;Pielęgniarstwo;Nie;Nie;brak;?;
Anonimowa;2021-07-09;Jakoś Studiowania w PSW 2020/2021 Lato;Kobieta;4;4;4;4;4;3;3;3;3;3;3;4;4;4;4;4;4;4;4;4;4;;4;4;;3;3;3;3;3;3;3;3;3;Mężczyzna;Russia;1;niestacjonarne;Ekonomia;Nie;Nie;;Good;
Anonimowa;2021-07-11;Jakoś Studiowania w PSW 2020/2021 Lato;Kobieta;4;4;4;3;4;4;3;4;5;5;4;3;4;4;4;4;4;3;3;3;3;xxxx;4;3;;4;4;4;4;4;4;4;3;3;Kobieta;Kwidzyn;1;stacjonarne;Pielęgniarstwo;Nie;Nie;;brak uwag;
Anonimowa;2021-07-11;Jakoś Studiowania w PSW 2020/2021 Lato;Kobieta;4;4;4;4;4;4;4;4;3;4;4;4;4;4;4;4;4;4;4;4;4;;4;4;;4;4;4;4;4;4;4;4;4;Kobieta;brodnica wieś;1;stacjonarne;Pielęgniarstwo w ramach studiów pomostowych;Nie;Nie;;brak;
Anonimowa;2021-07-12;Jakoś Studiowania w PSW 2020/2021 Lato;Kobieta;4;4;4;4;3;3;3;3;3;3;4;4;3;3;4;3;5;5;5;4;4;;4;4;;3;3;3;3;5;5;3;3;3;Kobieta;wejherowo;1;niestacjonarne;Ekonomia;Nie;Nie;-;-;
Anonimowa;2021-07-12;Jakoś Studiowania w PSW 2020/2021 Lato;Kobieta;4;4;4;4;5;4;3;3;3;4;5;4;4;3;4;4;5;5;5;5;5;;5;5;;5;5;5;5;5;5;3;3;3;Kobieta;Gmina Dragacz;1;niestacjonarne;Pielęgniarstwo;Nie;Nie;;Nie mam uwag;
Anonimowa;2021-07-14;Jakoś Studiowania w PSW 2020/2021 Lato;Kobieta;5;5;5;5;5;5;5;5;5;5;1;5;5;5;5;5;5;5;5;5;5;;5;5;;5;5;5;5;5;5;5;5;5;Kobieta;Morąg;1;niestacjonarne;Pielęgniarstwo;Tak;Tak;Brak;Brak;
Anonimowa;2021-07-20;Jakoś Studiowania w PSW 2020/2021 Lato;Kobieta;4;3;3;3;3;4;3;3;3;4;4;3;3;3;3;3;3;3;3;3;3;;3;3;;3;3;3;3;3;3;3;3;3;Kobieta;Kwidzyn;1;niestacjonarne;Pielęgniarstwo;Nie;Nie;;Brak;
Anonimowa;2021-07-21;Jakoś Studiowania w PSW 2020/2021 Lato;Mężczyzna;4;4;3;4;4;4;3;4;3;3;3;4;2;3;5;4;4;4;4;4;4;nie mam zdania;3;4;;4;4;4;4;4;4;4;4;3;Mężczyzna;giżycko;1;stacjonarne;Pielęgniarstwo;Nie;Nie;brak;brak;
Anonimowa;2021-07-20;Jakoś Studiowania w PSW 2020/2021 Lato;Kobieta;5;4;3;4;4;4;3;5;4;3;5;4;4;5;4;4;4;5;5;2;2;;2;2;;5;5;5;5;5;5;3;3;3;Kobieta;Iława;1;stacjonarne;Pielęgniarstwo;Nie;Nie;;Brak uwag;
